x-axis,1,2
second,Volt,Volt
-152.0000E-06,,
-151.4000E-06,+9.2864319384E+00,+0.0E+00
-150.8000E-06,+9.4493517970E+00,+118.4871699E-03
-150.2000E-06,+9.5234062781E+00,+0.0E+00
-149.6000E-06,+9.3604864196E+00,-133.2980661E-03
-149.0000E-06,+9.5678389668E+00,+0.0E+00
-148.4000E-06,+9.5678389668E+00,+0.0E+00
-147.8000E-06,+9.2864319384E+00,+133.2980661E-03
-147.2000E-06,+9.5530280706E+00,+0.0E+00
-146.6000E-06,+9.4641626932E+00,+0.0E+00
-146.0000E-06,+9.2864319384E+00,+0.0E+00
-145.4000E-06,+9.5678389668E+00,-222.1634435E-03
-144.8000E-06,+9.5678389668E+00,+177.7307548E-03
-144.2000E-06,+9.3012428346E+00,+0.0E+00
-143.6000E-06,+9.2864319384E+00,+0.0E+00
-143.0000E-06,+9.2864319384E+00,+251.7852360E-03
-142.4000E-06,+9.5678389668E+00,-88.8653774E-03
-141.8000E-06,+9.2864319384E+00,-207.3525473E-03
-141.2000E-06,+9.3308646271E+00,+236.9743397E-03
-140.6000E-06,+9.4493517970E+00,+118.4871699E-03
-140.0000E-06,+9.0050249100E+00,+0.0E+00
-139.4000E-06,+9.2864319384E+00,-162.9198586E-03
-138.8000E-06,+9.2864319384E+00,+236.9743397E-03
-138.2000E-06,+9.5678389668E+00,+0.0E+00
-137.6000E-06,+9.4789735895E+00,+0.0E+00
-137.0000E-06,+9.5382171744E+00,+0.0E+00
-136.4000E-06,+9.5678389668E+00,-148.1089623E-03
-135.8000E-06,+9.2864319384E+00,+14.8108962E-03
-135.2000E-06,+9.4641626932E+00,+0.0E+00
-134.6000E-06,+9.2864319384E+00,+0.0E+00
-134.0000E-06,+9.3456755233E+00,+0.0E+00
-133.4000E-06,+9.5678389668E+00,+103.6762736E-03
-132.8000E-06,+9.5678389668E+00,+0.0E+00
-132.2000E-06,+9.4345409007E+00,+133.2980661E-03
-131.6000E-06,+9.3160537309E+00,+251.7852360E-03
-131.0000E-06,+9.3752973158E+00,+0.0E+00
-130.4000E-06,+9.5678389668E+00,+0.0E+00
-129.8000E-06,+9.3308646271E+00,+0.0E+00
-129.2000E-06,+9.5678389668E+00,+162.9198586E-03
-128.6000E-06,+9.5678389668E+00,+0.0E+00
-128.0000E-06,+9.2864319384E+00,-162.9198586E-03
-127.4000E-06,+9.3308646271E+00,+0.0E+00
-126.8000E-06,+9.5678389668E+00,+0.0E+00
-126.2000E-06,+9.5678389668E+00,+0.0E+00
-125.6000E-06,+9.5678389668E+00,+0.0E+00
-125.0000E-06,+9.5678389668E+00,+133.2980661E-03
-124.4000E-06,+9.3012428346E+00,+266.5961322E-03
-123.8000E-06,+9.5678389668E+00,+0.0E+00
-123.2000E-06,+9.5678389668E+00,+0.0E+00
-122.6000E-06,+9.2864319384E+00,+222.1634435E-03
-122.0000E-06,+9.3901082120E+00,+0.0E+00
-121.4000E-06,+9.5678389668E+00,+0.0E+00
-120.8000E-06,+9.5678389668E+00,+0.0E+00
-120.2000E-06,+9.5678389668E+00,+0.0E+00
-119.6000E-06,+9.2864319384E+00,+0.0E+00
-119.0000E-06,+9.4937844857E+00,+74.0544812E-03
-118.4000E-06,+9.3308646271E+00,+236.9743397E-03
-117.8000E-06,+9.4493517970E+00,+0.0E+00
-117.2000E-06,+9.2864319384E+00,-281.4070284E-03
-116.6000E-06,+9.4493517970E+00,-118.4871699E-03
-116.0000E-06,+9.3308646271E+00,+0.0E+00
-115.4000E-06,+9.2864319384E+00,+0.0E+00
-114.8000E-06,+9.5678389668E+00,+88.8653774E-03
-114.2000E-06,+9.5382171744E+00,+0.0E+00
-113.6000E-06,+9.2864319384E+00,+0.0E+00
-113.0000E-06,+9.2864319384E+00,+0.0E+00
-112.4000E-06,+9.2864319384E+00,+0.0E+00
-111.8000E-06,+9.2864319384E+00,+0.0E+00
-111.2000E-06,+9.2864319384E+00,+0.0E+00
-110.6000E-06,+9.3604864196E+00,+0.0E+00
-110.0000E-06,+9.2864319384E+00,+0.0E+00
-109.4000E-06,+9.5678389668E+00,+0.0E+00
-108.8000E-06,+9.2864319384E+00,+0.0E+00
-108.2000E-06,+9.2864319384E+00,+0.0E+00
-107.6000E-06,+9.2864319384E+00,+0.0E+00
-107.0000E-06,+9.2864319384E+00,+0.0E+00
-106.4000E-06,+9.5678389668E+00,+0.0E+00
-105.8000E-06,+9.2864319384E+00,+0.0E+00
-105.2000E-06,+9.6122716555E+00,+0.0E+00
-104.6000E-06,+9.2864319384E+00,+0.0E+00
-104.0000E-06,+9.5678389668E+00,+0.0E+00
-103.4000E-06,+9.1975665610E+00,+0.0E+00
-102.8000E-06,+9.2864319384E+00,-251.7852360E-03
-102.2000E-06,+9.2864319384E+00,-148.1089623E-03
-101.6000E-06,+9.3012428346E+00,+0.0E+00
-101.0000E-06,+9.4641626932E+00,+0.0E+00
-100.4000E-06,+9.2864319384E+00,+0.0E+00
-99.8000E-06,+9.5085953819E+00,+0.0E+00
-99.2000E-06,+9.2864319384E+00,+0.0E+00
-98.6000E-06,+9.2716210422E+00,+0.0E+00
-98.0000E-06,+9.4345409007E+00,+0.0E+00
-97.4000E-06,+9.2864319384E+00,+0.0E+00
-96.8000E-06,+9.5678389668E+00,+0.0E+00
-96.2000E-06,+9.5678389668E+00,+0.0E+00
-95.6000E-06,+9.2864319384E+00,+44.4326887E-03
-95.0000E-06,+9.2419992497E+00,-162.9198586E-03
-94.4000E-06,+9.2864319384E+00,+0.0E+00
-93.8000E-06,+9.2864319384E+00,+162.9198586E-03
-93.2000E-06,+9.5234062782E+00,+0.0E+00
-92.6000E-06,+9.2864319384E+00,+0.0E+00
-92.0000E-06,+9.3752973158E+00,+0.0E+00
-91.4000E-06,+9.5678389668E+00,+29.6217925E-03
-90.8000E-06,+9.5678389668E+00,+0.0E+00
-90.2000E-06,+9.5530280706E+00,+266.5961322E-03
-89.6000E-06,+9.4641626932E+00,+0.0E+00
-89.0000E-06,+9.5678389668E+00,+0.0E+00
-88.4000E-06,+9.5085953819E+00,+222.1634435E-03
-87.8000E-06,+9.4641626932E+00,+0.0E+00
-87.2000E-06,+9.5530280706E+00,+0.0E+00
-86.6000E-06,+9.2864319384E+00,-281.4070284E-03
-86.0000E-06,+9.3160537309E+00,+0.0E+00
-85.4000E-06,+9.2864319384E+00,+0.0E+00
-84.8000E-06,+9.2864319384E+00,+0.0E+00
-84.2000E-06,+9.2864319384E+00,+0.0E+00
-83.6000E-06,+9.2864319384E+00,+0.0E+00
-83.0000E-06,+9.2864319384E+00,+0.0E+00
-82.4000E-06,+9.4493517970E+00,+162.9198586E-03
-81.8000E-06,+9.5678389668E+00,+0.0E+00
-81.2000E-06,+9.2864319384E+00,+133.2980661E-03
-80.6000E-06,+9.2864319384E+00,+0.0E+00
-80.0000E-06,+9.2864319384E+00,+0.0E+00
-79.4000E-06,+9.4345409008E+00,+0.0E+00
-78.8000E-06,+9.8196242028E+00,+14.8108962E-03
-78.2000E-06,+9.2864319384E+00,+103.6762736E-03
-77.6000E-06,+9.3456755233E+00,+0.0E+00
-77.0000E-06,+9.5085953819E+00,+0.0E+00
-76.4000E-06,+9.2864319384E+00,+177.7307548E-03
-75.8000E-06,+9.5530280706E+00,+266.5961322E-03
-75.2000E-06,+9.2864319384E+00,-133.2980661E-03
-74.6000E-06,+9.3160537309E+00,-29.6217925E-03
-74.0000E-06,+9.2864319384E+00,+0.0E+00
-73.4000E-06,+9.4937844857E+00,+0.0E+00
-72.8000E-06,+9.2864319384E+00,+0.0E+00
-72.2000E-06,+9.2864319384E+00,+0.0E+00
-71.6000E-06,+9.2864319384E+00,-0.0E+00
-71.0000E-06,+9.2864319384E+00,+0.0E+00
-70.4000E-06,+9.2864319384E+00,+0.0E+00
-69.8000E-06,+9.5678389668E+00,-207.3525473E-03
-69.2000E-06,+9.2864319384E+00,+0.0E+00
-68.6000E-06,+9.2864319384E+00,+251.7852360E-03
-68.0000E-06,+9.4345409008E+00,+0.0E+00
-67.4000E-06,+9.3012428346E+00,+0.0E+00
-66.8000E-06,+9.2864319384E+00,+0.0E+00
-66.2000E-06,+9.3456755233E+00,+281.4070284E-03
-65.6000E-06,+9.3456755234E+00,+0.0E+00
-65.0000E-06,+9.2864319384E+00,+177.7307548E-03
-64.4000E-06,+9.2864319384E+00,+0.0E+00
-63.8000E-06,+9.4345409007E+00,+0.0E+00
-63.2000E-06,+9.5678389668E+00,+29.6217925E-03
-62.6000E-06,+9.5678389668E+00,+0.0E+00
-62.0000E-06,+9.3604864196E+00,+0.0E+00
-61.4000E-06,+9.3308646271E+00,+0.0E+00
-60.8000E-06,+9.2864319384E+00,-162.9198586E-03
-60.2000E-06,+9.2864319384E+00,+0.0E+00
-59.6000E-06,+9.3308646271E+00,+0.0E+00
-59.0000E-06,+9.3308646271E+00,-236.9743397E-03
-58.4000E-06,+9.2864319384E+00,+0.0E+00
-57.8000E-06,+9.2864319384E+00,+0.0E+00
-57.2000E-06,+9.5678389668E+00,+0.0E+00
-56.6000E-06,+9.4345409008E+00,+0.0E+00
-56.0000E-06,+9.3012428346E+00,+266.5961322E-03
-55.4000E-06,+9.5678389668E+00,+0.0E+00
-54.8000E-06,+9.2864319384E+00,+59.2435849E-03
-54.2000E-06,+9.2864319384E+00,+0.0E+00
-53.6000E-06,+9.2864319384E+00,+0.0E+00
-53.0000E-06,+9.2864319384E+00,+0.0E+00
-52.4000E-06,+9.4197300045E+00,+148.1089623E-03
-51.8000E-06,+9.5382171744E+00,+0.0E+00
-51.2000E-06,+9.3752973158E+00,+192.5416510E-03
-50.6000E-06,+9.2864319384E+00,+0.0E+00
-50.0000E-06,+9.2864319384E+00,+0.0E+00
-49.4000E-06,+9.2864319384E+00,+0.0E+00
-48.8000E-06,+9.2864319384E+00,+0.0E+00
-48.2000E-06,+9.2864319384E+00,+0.0E+00
-47.6000E-06,+9.2864319384E+00,+0.0E+00
-47.0000E-06,+9.2864319384E+00,+0.0E+00
-46.4000E-06,+9.2864319384E+00,+0.0E+00
-45.8000E-06,+9.2864319384E+00,-251.7852360E-03
-45.2000E-06,+9.2864319384E+00,+0.0E+00
-44.6000E-06,+9.2864319384E+00,+266.5961322E-03
-44.0000E-06,+9.2864319384E+00,+0.0E+00
-43.4000E-06,+9.2864319384E+00,+0.0E+00
-42.8000E-06,+9.5085953819E+00,+0.0E+00
-42.2000E-06,+9.3901082120E+00,+0.0E+00
-41.6000E-06,+9.2864319384E+00,+0.0E+00
-41.0000E-06,+9.2864319384E+00,+148.1089623E-03
-40.4000E-06,+9.2864319384E+00,+0.0E+00
-39.8000E-06,+9.3752973158E+00,+0.0E+00
-39.2000E-06,+9.2864319384E+00,+0.0E+00
-38.6000E-06,+9.2864319384E+00,+0.0E+00
-38.0000E-06,+9.4493517970E+00,+162.9198586E-03
-37.4000E-06,+9.2864319384E+00,+0.0E+00
-36.8000E-06,+9.4493517970E+00,+0.0E+00
-36.2000E-06,+9.2864319384E+00,+0.0E+00
-35.6000E-06,+9.2864319384E+00,+0.0E+00
-35.0000E-06,+9.3752973158E+00,+0.0E+00
-34.4000E-06,+9.2864319384E+00,+0.0E+00
-33.8000E-06,+9.2864319384E+00,+133.2980661E-03
-33.2000E-06,+9.5530280706E+00,-14.8108962E-03
-32.6000E-06,+9.3901082121E+00,+0.0E+00
-32.0000E-06,+9.2864319384E+00,+0.0E+00
-31.4000E-06,+9.5085953819E+00,+222.1634435E-03
-30.8000E-06,+9.2864319384E+00,+0.0E+00
-30.2000E-06,+9.3012428347E+00,-266.5961322E-03
-29.6000E-06,+9.4197300045E+00,+0.0E+00
-29.0000E-06,+9.5382171744E+00,+0.0E+00
-28.4000E-06,+9.4789735894E+00,+192.5416510E-03
-27.8000E-06,+9.2864319384E+00,+0.0E+00
-27.2000E-06,+9.0494575987E+00,+236.9743397E-03
-26.6000E-06,+9.2864319384E+00,+0.0E+00
-26.0000E-06,+9.2864319384E+00,+0.0E+00
-25.4000E-06,+9.2864319384E+00,+162.9198586E-03
-24.8000E-06,+9.5678389668E+00,+0.0E+00
-24.2000E-06,+9.2864319384E+00,+0.0E+00
-23.6000E-06,+9.2864319384E+00,+0.0E+00
-23.0000E-06,+9.2864319384E+00,+0.0E+00
-22.4000E-06,+9.1531338723E+00,-133.2980661E-03
-21.8000E-06,+9.0198358062E+00,+0.0E+00
-21.2000E-06,+9.1087011836E+00,+0.0E+00
-20.6000E-06,+9.2864319384E+00,+222.1634435E-03
-20.0000E-06,+9.2864319384E+00,+0.0E+00
-19.4000E-06,+9.1087011836E+00,-103.6762736E-03
-18.8000E-06,+9.2864319384E+00,+0.0E+00
-18.2000E-06,+9.2864319384E+00,-14.8108962E-03
-17.6000E-06,+9.2864319384E+00,+0.0E+00
-17.0000E-06,+9.3752973158E+00,+0.0E+00
-16.4000E-06,+9.0790793911E+00,+0.0E+00
-15.8000E-06,+9.2864319384E+00,+0.0E+00
-15.2000E-06,+9.4493517970E+00,+0.0E+00
-14.6000E-06,+9.2864319384E+00,+0.0E+00
-14.0000E-06,+9.2864319384E+00,+162.9198586E-03
-13.4000E-06,+9.2419992497E+00,-44.4326887E-03
-12.8000E-06,+9.2864319384E+00,+0.0E+00
-12.2000E-06,+9.2864319384E+00,+192.5416510E-03
-11.6000E-06,+9.2864319384E+00,+0.0E+00
-11.0000E-06,+9.2864319384E+00,+0.0E+00
-10.4000E-06,+9.2716210422E+00,+0.0E+00
-9.8000E-06,+9.3604864196E+00,+0.0E+00
-9.2000E-06,+9.1235120798E+00,+0.0E+00
-8.6000E-06,+9.3456755234E+00,+0.0E+00
-8.0000E-06,+9.2864319384E+00,+0.0E+00
-7.4000E-06,+9.5678389668E+00,+0.0E+00
-6.8000E-06,+9.2864319384E+00,+133.2980661E-03
-6.2000E-06,+9.2864319384E+00,+0.0E+00
-5.6000E-06,+9.2864319384E+00,+0.0E+00
-5.0000E-06,+9.2864319384E+00,-281.4070284E-03
-4.4000E-06,+9.2864319384E+00,+0.0E+00
-3.8000E-06,+9.1235120798E+00,+0.0E+00
-3.2000E-06,+9.2864319384E+00,+281.4070284E-03
-2.6000E-06,+9.4493517970E+00,+118.4871699E-03
-2.0000E-06,+9.0494575987E+00,+281.4070284E-03
-1.4000E-06,+9.2864319384E+00,+0.0E+00
-800.0E-09,+9.3752973158E+00,+0.0E+00
-200.0E-09,+9.2864319384E+00,-251.7852360E-03
+400.0E-09,-1.1256281137E+00,-2.2512562275E+00
+1.0000E-06,-2.5326632559E+00,-3.1102882090E+00
+1.6000E-06,-3.4805606149E+00,-4.3247817002E+00
+2.2000E-06,-4.5617560399E+00,-5.6281405687E+00
+2.8000E-06,-6.1909546256E+00,-6.8130122674E+00
+3.4000E-06,-7.4202590130E+00,-8.1608038247E+00
+4.0000E-06,-8.4422108531E+00,-9.0198358062E+00
+4.6000E-06,-9.7159479292E+00,-10.2787619860E+00
+5.2000E-06,-10.6638452881E+00,-11.5376881659E+00
+5.8000E-06,-11.8190951943E+00,-12.3819092512E+00
+6.4000E-06,-12.6633162796E+00,-13.4334828838E+00
+7.0000E-06,-13.5075373650E+00,-14.0703514218E+00
+7.6000E-06,-14.4702456201E+00,-15.0330596770E+00
+8.2000E-06,-15.1959795356E+00,-15.4773865640E+00
+8.8000E-06,-16.0402006209E+00,-16.4845275079E+00
+9.4000E-06,-16.8844217062E+00,-17.1213960459E+00
+10.0000E-06,-17.4472357631E+00,-17.7286427915E+00
+10.6000E-06,-17.8175081689E+00,-18.2914568484E+00
+11.2000E-06,-18.2914568484E+00,-18.5728638768E+00
+11.8000E-06,-18.8542709053E+00,-19.0023798676E+00
+12.4000E-06,-19.1356779337E+00,-19.1504888299E+00
+13.0000E-06,-19.1356779337E+00,-19.4170849621E+00
+13.6000E-06,-19.4763285471E+00,-19.6984919906E+00
+14.2000E-06,-19.7577355755E+00,-19.9206554341E+00
+14.8000E-06,-19.6984919906E+00,-19.6984919906E+00
+15.4000E-06,-19.6984919906E+00,-19.6984919906E+00
+16.0000E-06,-19.6984919906E+00,-19.6984919906E+00
+16.6000E-06,-19.4170849621E+00,-19.4170849621E+00
+17.2000E-06,-19.3282195847E+00,-19.1356779337E+00
+17.8000E-06,-19.1356779337E+00,-18.8542709053E+00
+18.4000E-06,-18.6172965655E+00,-18.3358895371E+00
+19.0000E-06,-18.2914568484E+00,-17.8915626501E+00
+19.6000E-06,-18.0100498199E+00,-17.7286427915E+00
+20.2000E-06,-17.3287485932E+00,-16.7659345363E+00
+20.8000E-06,-16.6474473665E+00,-16.2771749606E+00
+21.4000E-06,-16.0402006209E+00,-15.4773865640E+00
+22.0000E-06,-15.3885211866E+00,-14.9145725071E+00
+22.6000E-06,-14.6331654787E+00,-14.0703514218E+00
+23.2000E-06,-14.0703514218E+00,-13.5075373650E+00
+23.8000E-06,-12.9595342043E+00,-12.3819092512E+00
+24.4000E-06,-12.3819092512E+00,-11.4340118923E+00
+25.0000E-06,-11.3155247224E+00,-10.4713036371E+00
+25.6000E-06,-10.4120600522E+00,-9.5678389668E+00
+26.2000E-06,-9.5678389668E+00,-8.6199416079E+00
+26.8000E-06,-8.7088069853E+00,-7.5979897678E+00
+27.4000E-06,-7.3165827394E+00,-6.4723616540E+00
+28.0000E-06,-6.4723616540E+00,-5.3467335403E+00
+28.6000E-06,-5.1541918893E+00,-4.5025124550E+00
+29.2000E-06,-4.2211054265E+00,-3.3768843412E+00
+29.8000E-06,-3.3768843412E+00,-2.2512562275E+00
+30.4000E-06,-2.0883363689E+00,-1.4070351422E+00
+31.0000E-06,-1.1256281137E+00,-281.4070284E-03
+31.6000E-06,-118.4871699E-03,+844.2210853E-03
+32.2000E-06,+1.1256281137E+00,+1.9698491991E+00
+32.8000E-06,+2.1772017463E+00,+2.8881247655E+00
+33.4000E-06,+3.0954773128E+00,+4.0285637755E+00
+34.0000E-06,+4.2211054265E+00,+4.7839194834E+00
+34.6000E-06,+5.0653265119E+00,+6.0428456633E+00
+35.2000E-06,+5.9095475972E+00,+7.0203648147E+00
+35.8000E-06,+6.9314994373E+00,+7.8793967962E+00
+36.4000E-06,+7.9386403812E+00,+8.4422108531E+00
+37.0000E-06,+8.7236178815E+00,+9.5085953819E+00
+37.6000E-06,+9.5678389668E+00,+10.4120600522E+00
+38.2000E-06,+10.4120600522E+00,+10.9748741090E+00
+38.8000E-06,+11.1081721751E+00,+11.8190951943E+00
+39.4000E-06,+11.5376881659E+00,+12.6336944872E+00
+40.0000E-06,+12.4707746286E+00,+13.2261303365E+00
+40.6000E-06,+12.9447233081E+00,+13.5815918461E+00
+41.2000E-06,+13.5075373650E+00,+14.0703514218E+00
+41.8000E-06,+13.9518642520E+00,+14.6331654787E+00
+42.4000E-06,+14.3517584503E+00,+14.6331654787E+00
+43.0000E-06,+14.9145725071E+00,+15.2404122243E+00
+43.6000E-06,+14.9590051958E+00,+15.7143609038E+00
+44.2000E-06,+15.4033320828E+00,+15.7587935925E+00
+44.8000E-06,+15.5662519414E+00,+16.0402006209E+00
+45.4000E-06,+15.7291718000E+00,+16.0402006209E+00
+46.0000E-06,+15.7587935925E+00,+16.0402006209E+00
+46.6000E-06,+16.0402006209E+00,+16.0402006209E+00
+47.2000E-06,+15.7587935925E+00,+16.0402006209E+00
+47.8000E-06,+15.6995500075E+00,+15.9809570360E+00
+48.4000E-06,+15.4773865640E+00,+15.4773865640E+00
+49.0000E-06,+15.2996558092E+00,+15.4773865640E+00
+49.6000E-06,+15.1959795356E+00,+14.9293834034E+00
+50.2000E-06,+14.6331654787E+00,+14.7664635448E+00
+50.8000E-06,+14.6035436862E+00,+14.0999732143E+00
+51.4000E-06,+13.8778097708E+00,+13.8778097708E+00
+52.0000E-06,+13.4334828838E+00,+13.2261303365E+00
+52.6000E-06,+12.9891559968E+00,+12.9447233081E+00
+53.2000E-06,+12.3819092512E+00,+12.3819092512E+00
+53.8000E-06,+11.8190951943E+00,+11.5376881659E+00
+54.4000E-06,+11.1377939676E+00,+10.9748741090E+00
+55.0000E-06,+10.4120600522E+00,+10.1750857124E+00
+55.6000E-06,+9.8492459953E+00,+9.3604864196E+00
+56.2000E-06,+9.0050249100E+00,+8.8124832589E+00
+56.8000E-06,+8.1904256171E+00,+8.1608038247E+00
+57.4000E-06,+7.5979897678E+00,+7.3165827394E+00
+58.0000E-06,+6.7389577863E+00,+6.4575507578E+00
+58.6000E-06,+5.8058713235E+00,+5.4504098139E+00
+59.2000E-06,+5.0653265119E+00,+4.5025124550E+00
+59.8000E-06,+4.2211054265E+00,+3.7175349546E+00
+60.4000E-06,+3.2732080676E+00,+2.8140702844E+00
+61.0000E-06,+2.2512562275E+00,+1.9550383028E+00
+61.6000E-06,+1.5403332083E+00,+1.1256281137E+00
+62.2000E-06,+562.8140569E-03,+29.6217925E-03
+62.8000E-06,-192.5416510E-03,-844.2210853E-03
+63.4000E-06,-1.1256281137E+00,-1.6884421706E+00
+64.0000E-06,-2.0142818878E+00,-2.2512562275E+00
+64.6000E-06,-2.8140702844E+00,-3.2139644827E+00
+65.2000E-06,-3.6582913697E+00,-4.2211054265E+00
+65.8000E-06,-4.5025124550E+00,-4.9024066533E+00
+66.4000E-06,-5.3023008516E+00,-5.8651149085E+00
+67.0000E-06,-6.1169001444E+00,-6.4723616540E+00
+67.6000E-06,-6.7537686825E+00,-7.0351757109E+00
+68.2000E-06,-7.3165827394E+00,-7.8793967962E+00
+68.8000E-06,-8.1608038247E+00,-8.7236178815E+00
+69.4000E-06,-8.7236178815E+00,-9.2716210422E+00
+70.0000E-06,-9.5678389668E+00,-9.8492459953E+00
+70.6000E-06,-9.8492459953E+00,-10.3528164672E+00
+71.2000E-06,-10.6342234957E+00,-10.9156305241E+00
+71.8000E-06,-11.1526048638E+00,-11.3599574111E+00
+72.4000E-06,-11.5376881659E+00,-11.8190951943E+00
+73.0000E-06,-11.9672041567E+00,-12.1005022228E+00
+73.6000E-06,-12.3522874588E+00,-12.6336944872E+00
+74.2000E-06,-12.6633162796E+00,-12.6633162796E+00
+74.8000E-06,-12.9447233081E+00,-12.9447233081E+00
+75.4000E-06,-13.2261303365E+00,-13.2261303365E+00
+76.0000E-06,-13.2261303365E+00,-13.6260245348E+00
+76.6000E-06,-13.5075373650E+00,-13.5075373650E+00
+77.2000E-06,-13.6704572235E+00,-13.5075373650E+00
+77.8000E-06,-13.7889443934E+00,-13.5519700537E+00
+78.4000E-06,-13.5075373650E+00,-13.7148899122E+00
+79.0000E-06,-13.5075373650E+00,-13.3149957139E+00
+79.6000E-06,-13.5075373650E+00,-13.2261303365E+00
+80.2000E-06,-13.3742392989E+00,-12.9447233081E+00
+80.8000E-06,-12.9595342043E+00,-12.9299124119E+00
+81.4000E-06,-12.6633162796E+00,-12.3078547701E+00
+82.0000E-06,-12.6633162796E+00,-12.1005022228E+00
+82.6000E-06,-12.1597458077E+00,-12.0412586378E+00
+83.2000E-06,-11.8190951943E+00,-11.5376881659E+00
+83.8000E-06,-11.5376881659E+00,-10.9748741090E+00
+84.4000E-06,-11.1229830714E+00,-10.5453581183E+00
+85.0000E-06,-10.6934670806E+00,-10.1306530237E+00
+85.6000E-06,-10.1306530237E+00,-9.5678389668E+00
+86.2000E-06,-9.4937844857E+00,-9.0050249100E+00
+86.8000E-06,-8.7680505702E+00,-8.2052365134E+00
+87.4000E-06,-8.1608038247E+00,-7.7164769377E+00
+88.0000E-06,-7.5979897678E+00,-7.3165827393E+00
+88.6000E-06,-7.0351757109E+00,-6.5908488239E+00
+89.2000E-06,-6.4279289653E+00,-5.9095475972E+00
+89.8000E-06,-5.6281405687E+00,-5.0653265119E+00
+90.4000E-06,-4.7839194834E+00,-4.2211054265E+00
+91.0000E-06,-4.2211054265E+00,-3.4065061337E+00
+91.6000E-06,-3.2435862751E+00,-2.9621792467E+00
+92.2000E-06,-2.7992593881E+00,-2.2364453313E+00
+92.8000E-06,-1.9698491991E+00,-1.5847658970E+00
+93.4000E-06,-1.4070351422E+00,-562.8140569E-03
+94.0000E-06,-340.6506134E-03,+59.2435849E-03
+94.6000E-06,+103.6762736E-03,+666.4903305E-03
+95.2000E-06,+1.1108172175E+00,+1.4070351422E+00
+95.8000E-06,+1.4070351422E+00,+2.1031472652E+00
+96.4000E-06,+2.2512562275E+00,+2.8140702844E+00
+97.0000E-06,+2.8140702844E+00,+3.5694259923E+00
+97.6000E-06,+3.3768843412E+00,+4.2211054265E+00
+98.2000E-06,+4.2211054265E+00,+4.8283521721E+00
+98.8000E-06,+4.7839194834E+00,+5.5096533989E+00
+99.4000E-06,+5.3467335403E+00,+6.1909546256E+00
+100.0000E-06,+5.9095475972E+00,+6.4723616540E+00
+100.6000E-06,+6.5167943427E+00,+7.0796083996E+00
+101.2000E-06,+7.0351757109E+00,+7.8053423151E+00
+101.8000E-06,+7.4054481167E+00,+7.9682621736E+00
+102.4000E-06,+7.8793967962E+00,+8.6939960891E+00
+103.0000E-06,+8.5755089192E+00,+9.0050249100E+00
+103.6000E-06,+8.9902140137E+00,+9.2864319384E+00
+104.2000E-06,+9.2864319384E+00,+9.7455697216E+00
+104.8000E-06,+9.7900024104E+00,+10.1306530237E+00
+105.4000E-06,+9.6270825518E+00,+10.1898966087E+00
+106.0000E-06,+10.1306530237E+00,+10.5157363258E+00
+106.6000E-06,+10.3972491559E+00,+10.6786561844E+00
+107.2000E-06,+10.4120600522E+00,+10.6934670806E+00
+107.8000E-06,+10.6934670806E+00,+10.9748741090E+00
+108.4000E-06,+10.6046017032E+00,+10.9748741090E+00
+109.0000E-06,+10.6934670806E+00,+10.9748741090E+00
+109.6000E-06,+10.4564927409E+00,+10.9748741090E+00
+110.2000E-06,+10.6934670806E+00,+10.8119542505E+00
+110.8000E-06,+10.4120600522E+00,+10.6934670806E+00
+111.4000E-06,+10.5749799107E+00,+10.5305472220E+00
+112.0000E-06,+10.4120600522E+00,+10.3676273635E+00
+112.6000E-06,+10.3380055710E+00,+10.3380055710E+00
+113.2000E-06,+9.8492459953E+00,+9.9381113727E+00
+113.8000E-06,+9.5678389668E+00,+9.5678389668E+00
+114.4000E-06,+9.1531338723E+00,+9.2864319384E+00
+115.0000E-06,+9.0050249100E+00,+8.7384287778E+00
+115.6000E-06,+8.7236178815E+00,+8.7236178815E+00
+116.2000E-06,+8.1608038247E+00,+8.1608038247E+00
+116.8000E-06,+7.8793967962E+00,+7.6572333527E+00
+117.4000E-06,+7.3165827394E+00,+7.1388519845E+00
+118.0000E-06,+6.7537686825E+00,+6.7537686825E+00
+118.6000E-06,+6.4723616540E+00,+6.1909546256E+00
+119.2000E-06,+5.9095475972E+00,+5.6577623612E+00
+119.8000E-06,+5.3467335403E+00,+5.2578681629E+00
+120.4000E-06,+4.5765669361E+00,+4.5025124550E+00
+121.0000E-06,+4.2211054265E+00,+4.1766727378E+00
+121.6000E-06,+3.6582913697E+00,+3.0954773128E+00
+122.2000E-06,+3.0954773128E+00,+2.5326632559E+00
+122.8000E-06,+2.2512562275E+00,+2.3697433974E+00
+123.4000E-06,+1.6884421706E+00,+1.6884421706E+00
+124.0000E-06,+1.4070351422E+00,+844.2210853E-03
+124.6000E-06,+651.6794343E-03,+281.4070284E-03
+125.2000E-06,+0.0E+00,-281.4070284E-03
+125.8000E-06,-429.5159908E-03,-844.2210853E-03
+126.4000E-06,-1.1404390100E+00,-1.4070351422E+00
+127.0000E-06,-1.6884421706E+00,-1.9698491991E+00
+127.6000E-06,-2.3104998124E+00,-2.5326632559E+00
+128.2000E-06,-2.8140702844E+00,-3.0954773128E+00
+128.8000E-06,-3.3768843412E+00,-3.5546150960E+00
+129.4000E-06,-3.6731022659E+00,-3.9396983981E+00
+130.0000E-06,-4.5025124550E+00,-4.7839194834E+00
+130.6000E-06,-5.0653265119E+00,-5.0949483043E+00
+131.2000E-06,-5.3467335403E+00,-5.8206822198E+00
+131.8000E-06,-5.9095475972E+00,-5.9836020783E+00
+132.4000E-06,-6.2353873143E+00,-6.4723616540E+00
+133.0000E-06,-6.7537686825E+00,-6.7537686825E+00
+133.6000E-06,-7.0351757109E+00,-7.3165827393E+00
+134.2000E-06,-7.5979897678E+00,-7.7164769377E+00
+134.8000E-06,-7.8349641075E+00,-7.9238294849E+00
+135.4000E-06,-8.3681563719E+00,-8.3681563719E+00
+136.0000E-06,-8.4422108531E+00,-8.4422108531E+00
+136.6000E-06,-8.7236178815E+00,-8.7532396740E+00
+137.2000E-06,-8.7236178815E+00,-9.0050249100E+00
+137.8000E-06,-9.0050249100E+00,-9.0198358062E+00
+138.4000E-06,-9.1087011836E+00,-9.0050249100E+00
+139.0000E-06,-9.2864319384E+00,-9.5678389668E+00
+139.6000E-06,-9.2864319384E+00,-9.3456755234E+00
+140.2000E-06,-9.4641626932E+00,-9.2864319384E+00
+140.8000E-06,-9.2864319384E+00,-9.2864319384E+00
+141.4000E-06,-9.4197300045E+00,-9.1531338723E+00
+142.0000E-06,-9.2864319384E+00,-9.2864319384E+00
+142.6000E-06,-9.1975665610E+00,-9.0050249100E+00
+143.2000E-06,-9.2123774573E+00,-9.0790793911E+00
+143.8000E-06,-8.9605922213E+00,-8.7236178815E+00
+144.4000E-06,-8.7236178815E+00,-8.5606980230E+00
+145.0000E-06,-8.7236178815E+00,-8.4422108531E+00
+145.6000E-06,-8.2792909945E+00,-7.9978839661E+00
+146.2000E-06,-8.1163711360E+00,-7.8349641075E+00
+146.8000E-06,-7.8053423150E+00,-7.3906372205E+00
+147.4000E-06,-7.3165827394E+00,-7.0351757109E+00
+148.0000E-06,-6.7833904750E+00,-6.7537686825E+00
+148.6000E-06,-6.6204706164E+00,-6.3390635880E+00
+149.2000E-06,-6.4723616540E+00,-5.9095475972E+00
+149.8000E-06,-5.9095475972E+00,-5.3467335403E+00
+150.4000E-06,-5.6281405687E+00,-5.0653265119E+00
+151.0000E-06,-5.0653265119E+00,-4.5617560399E+00
+151.6000E-06,-4.5025124550E+00,-4.2211054265E+00
+152.2000E-06,-3.9545092944E+00,-3.3916952375E+00
+152.8000E-06,-3.7915894358E+00,-3.2287753789E+00
+153.4000E-06,-3.1250991053E+00,-2.8140702844E+00
+154.0000E-06,-2.5326632559E+00,-2.0587145765E+00
+154.6000E-06,-2.0439036802E+00,-1.6884421706E+00
+155.2000E-06,-1.9254165103E+00,-888.6537740E-03
+155.8000E-06,-1.4070351422E+00,-562.8140569E-03
+156.4000E-06,-562.8140569E-03,-0.0E+00
+157.0000E-06,+0.0E+00,+118.4871699E-03
+157.6000E-06,+518.3813682E-03,+844.2210853E-03
+158.2000E-06,+844.2210853E-03,+1.1996825949E+00
+158.8000E-06,+1.1256281137E+00,+1.6884421706E+00
+159.4000E-06,+1.6884421706E+00,+1.9698491991E+00
+160.0000E-06,+2.1031472651E+00,+2.8140702844E+00
+160.6000E-06,+2.5474741521E+00,+3.0954773128E+00
+161.2000E-06,+3.0954773128E+00,+3.3768843412E+00
+161.8000E-06,+3.3768843412E+00,+3.9396983981E+00
+162.4000E-06,+3.9396983981E+00,+4.4432688700E+00
+163.0000E-06,+4.2211054265E+00,+4.6061887286E+00
+163.6000E-06,+4.7691085872E+00,+5.3319226440E+00
+164.2000E-06,+5.0653265119E+00,+5.3467335403E+00
+164.8000E-06,+5.3171117478E+00,+5.6281405687E+00
+165.4000E-06,+5.5392751913E+00,+6.1020892482E+00
+166.0000E-06,+5.9095475972E+00,+6.2650091068E+00
+166.6000E-06,+5.9095475972E+00,+6.4279289653E+00
+167.2000E-06,+6.7537686825E+00,+6.9166885411E+00
+167.8000E-06,+6.4723616541E+00,+6.7537686825E+00
+168.4000E-06,+6.7537686825E+00,+7.0351757109E+00
+169.0000E-06,+6.7982013712E+00,+7.2721500507E+00
+169.6000E-06,+7.0351757109E+00,+7.2425282582E+00
+170.2000E-06,+6.8426340599E+00,+7.3165827394E+00
+170.8000E-06,+7.3165827394E+00,+7.3165827394E+00
+171.4000E-06,+7.3165827394E+00,+7.5979897678E+00
+172.0000E-06,+7.0351757109E+00,+7.5979897678E+00
+172.6000E-06,+7.1388519846E+00,+7.3165827394E+00
+173.2000E-06,+7.0944192958E+00,+7.5387461829E+00
+173.8000E-06,+7.0351757109E+00,+7.3165827394E+00
+174.4000E-06,+7.1388519845E+00,+7.3165827394E+00
+175.0000E-06,+6.7537686825E+00,+7.0351757109E+00
+175.6000E-06,+6.6204706164E+00,+6.9018776448E+00
+176.2000E-06,+6.4723616540E+00,+6.5019834465E+00
+176.8000E-06,+6.3834962766E+00,+6.2798200030E+00
+177.4000E-06,+6.1169001445E+00,+6.1169001445E+00
+178.0000E-06,+5.8651149084E+00,+5.9095475972E+00
+178.6000E-06,+5.6281405687E+00,+5.9095475972E+00
+179.2000E-06,+5.3467335403E+00,+5.3467335403E+00
+179.8000E-06,+4.7839194834E+00,+4.9024066533E+00
+180.4000E-06,+4.7839194834E+00,+4.5025124550E+00
+181.0000E-06,+4.2211054265E+00,+4.4284579738E+00
+181.6000E-06,+4.2211054265E+00,+4.1322400492E+00
+182.2000E-06,+3.6582913697E+00,+3.3768843412E+00
+182.8000E-06,+3.3768843412E+00,+3.0954773128E+00
+183.4000E-06,+2.8140702844E+00,+2.8288811806E+00
+184.0000E-06,+2.5326632559E+00,+2.4289869823E+00
+184.6000E-06,+1.9698491991E+00,+1.9698491991E+00
+185.2000E-06,+1.9106056141E+00,+1.4662787271E+00
+185.8000E-06,+1.2293043874E+00,+1.1256281137E+00
+186.4000E-06,+844.2210853E-03,+562.8140569E-03
+187.0000E-06,+414.7050946E-03,+281.4070284E-03
+187.6000E-06,+251.7852360E-03,-251.7852360E-03
+188.2000E-06,-281.4070284E-03,-473.9486794E-03
+188.8000E-06,-770.1666042E-03,-844.2210853E-03
+189.4000E-06,-1.1256281137E+00,-1.4070351422E+00
+190.0000E-06,-1.5699550008E+00,-1.8069293405E+00
+190.6000E-06,-1.9698491991E+00,-2.2512562275E+00
+191.2000E-06,-2.2512562275E+00,-2.8140702844E+00
+191.8000E-06,-2.5770959446E+00,-2.5770959446E+00
+192.4000E-06,-3.0954773128E+00,-3.0954773128E+00
+193.0000E-06,-3.3768843412E+00,-3.5694259923E+00
+193.6000E-06,-3.6582913697E+00,-3.9396983981E+00
+194.2000E-06,-4.2211054265E+00,-4.2211054265E+00
+194.8000E-06,-4.4877015588E+00,-4.2211054265E+00
+195.4000E-06,-4.7839194834E+00,-4.7839194834E+00
+196.0000E-06,-4.8431630683E+00,-5.0653265119E+00
+196.6000E-06,-5.1245700968E+00,-5.0653265119E+00
+197.2000E-06,-5.4504098139E+00,-5.6281405687E+00
+197.8000E-06,-5.6281405687E+00,-5.6281405687E+00
+198.4000E-06,-5.9095475972E+00,-5.7614386349E+00
+199.0000E-06,-5.9391693896E+00,-6.1909546256E+00
+199.6000E-06,-5.9095475972E+00,-6.3834962766E+00
+200.2000E-06,-6.1909546256E+00,-6.1909546256E+00
+200.8000E-06,-6.4279289653E+00,-6.4279289653E+00
+201.4000E-06,-6.6352815126E+00,-6.4723616540E+00
+202.0000E-06,-6.7537686825E+00,-6.4723616540E+00
+202.6000E-06,-6.4723616540E+00,-6.3538744841E+00
+203.2000E-06,-6.4723616540E+00,-6.4723616540E+00
+203.8000E-06,-6.5464161352E+00,-6.3983071728E+00
+204.4000E-06,-6.4723616540E+00,-6.1909546256E+00
+205.0000E-06,-6.4427398615E+00,-6.4427398615E+00
+205.6000E-06,-6.1909546256E+00,-6.0576565595E+00
+206.2000E-06,-6.1909546256E+00,-5.9243584934E+00
+206.8000E-06,-6.1909546256E+00,-5.9095475972E+00
+207.4000E-06,-5.9095475972E+00,-5.8503040123E+00
+208.0000E-06,-5.8503040122E+00,-5.6281405687E+00
+208.6000E-06,-5.4504098139E+00,-5.3467335403E+00
+209.2000E-06,-5.3467335403E+00,-5.3319226440E+00
+209.8000E-06,-5.0653265119E+00,-4.7839194834E+00
+210.4000E-06,-5.0357047194E+00,-4.5321342474E+00
+211.0000E-06,-4.7839194834E+00,-4.3099708040E+00
+211.6000E-06,-4.5025124550E+00,-4.0137528792E+00
+212.2000E-06,-4.2211054265E+00,-3.8952657094E+00
+212.8000E-06,-3.9396983981E+00,-3.6582913697E+00
+213.4000E-06,-3.3768843413E+00,-3.3768843412E+00
+214.0000E-06,-3.0954773128E+00,-2.8140702844E+00
+214.6000E-06,-3.0954773128E+00,-2.5326632559E+00
+215.2000E-06,-2.7400158032E+00,-2.2512562275E+00
+215.8000E-06,-2.2512562275E+00,-1.9698491991E+00
+216.4000E-06,-1.9698491991E+00,-1.6588203781E+00
+217.0000E-06,-1.6884421706E+00,-1.1256281137E+00
+217.6000E-06,-1.1256281137E+00,-844.2210853E-03
+218.2000E-06,-1.0219518401E+00,-562.8140569E-03
+218.8000E-06,-562.8140569E-03,-222.1634435E-03
+219.4000E-06,-281.4070284E-03,+59.2435850E-03
+220.0000E-06,+103.6762736E-03,+385.0833020E-03
+220.6000E-06,+296.2179247E-03,+844.2210853E-03
+221.2000E-06,+696.1121230E-03,+1.1256281137E+00
+221.8000E-06,+844.2210853E-03,+1.4366569346E+00
+222.4000E-06,+1.4070351422E+00,+1.6884421706E+00
+223.0000E-06,+1.6884421706E+00,+2.0439036802E+00
+223.6000E-06,+1.9698491991E+00,+2.4882305672E+00
+224.2000E-06,+2.1327690577E+00,+2.6511504258E+00
+224.8000E-06,+2.5326632559E+00,+2.8140702844E+00
+225.4000E-06,+2.8140702844E+00,+3.0954773128E+00
+226.0000E-06,+3.0954773128E+00,+3.4213170299E+00
+226.6000E-06,+3.3028298600E+00,+3.7323458509E+00
+227.2000E-06,+3.6582913697E+00,+3.8508330207E+00
+227.8000E-06,+3.6582913697E+00,+4.2211054265E+00
+228.4000E-06,+3.9396983981E+00,+4.2211054265E+00
+229.0000E-06,+4.2062945304E+00,+4.2359163227E+00
+229.6000E-06,+4.3247817002E+00,+4.5025124550E+00
+230.2000E-06,+4.2803490114E+00,+4.7839194834E+00
+230.8000E-06,+4.5025124550E+00,+4.7839194834E+00
+231.4000E-06,+4.5025124550E+00,+4.8875957570E+00
+232.0000E-06,+4.5025124550E+00,+5.0505156156E+00
+232.6000E-06,+4.6358105211E+00,+5.0653265119E+00
+233.2000E-06,+4.7839194834E+00,+5.3171117479E+00
+233.8000E-06,+4.9764611344E+00,+5.1541918893E+00
+234.4000E-06,+4.9912720307E+00,+5.0653265119E+00
+235.0000E-06,+4.7839194834E+00,+5.0653265119E+00
+235.6000E-06,+4.7839194834E+00,+4.7839194834E+00
+236.2000E-06,+4.7839194835E+00,+5.0653265119E+00
+236.8000E-06,+4.6654323135E+00,+4.7839194834E+00
+237.4000E-06,+4.5469451436E+00,+4.7839194834E+00
+238.0000E-06,+4.5025124550E+00,+4.5025124550E+00
+238.6000E-06,+4.2211054265E+00,+4.5025124550E+00
+239.2000E-06,+4.2211054265E+00,+4.4728906625E+00
+239.8000E-06,+4.0878073605E+00,+4.0729964642E+00
+240.4000E-06,+3.9396983981E+00,+3.6879131621E+00
+241.0000E-06,+3.6582913697E+00,+3.6582913697E+00
+241.6000E-06,+3.4361279261E+00,+3.6582913697E+00
+242.2000E-06,+3.1547208978E+00,+3.3768843412E+00
+242.8000E-06,+3.0954773128E+00,+2.9177465580E+00
+243.4000E-06,+2.8140702844E+00,+2.8140702844E+00
+244.0000E-06,+2.6659613221E+00,+2.5326632559E+00
+244.6000E-06,+2.5030414635E+00,+2.5030414635E+00
+245.2000E-06,+2.2512562275E+00,+2.2512562275E+00
+245.8000E-06,+1.7624966517E+00,+1.9698491991E+00
+246.4000E-06,+1.4514678309E+00,+1.6884421706E+00
+247.0000E-06,+1.1256281137E+00,+1.4070351422E+00
+247.6000E-06,+1.1256281137E+00,+844.2210854E-03
+248.2000E-06,+844.2210853E-03,+725.7339154E-03
+248.8000E-06,+562.8140569E-03,+325.8397171E-03
+249.4000E-06,+281.4070284E-03,+281.4070284E-03
+250.0000E-06,-192.5416511E-03,-88.8653774E-03
+250.6000E-06,-533.1922644E-03,-311.0288209E-03
+251.2000E-06,-562.8140569E-03,-696.1121229E-03
+251.8000E-06,-1.1108172176E+00,-1.1256281137E+00
+252.4000E-06,-1.3033588685E+00,-1.2293043874E+00
+253.0000E-06,-1.4662787271E+00,-1.4070351422E+00
+253.6000E-06,-1.6884421706E+00,-1.9106056141E+00
+254.2000E-06,-2.1475799539E+00,-2.1475799539E+00
+254.8000E-06,-2.2512562275E+00,-2.5178523597E+00
+255.4000E-06,-2.3845542936E+00,-2.5326632559E+00
+256.0000E-06,-2.8140702844E+00,-3.0658555204E+00
+256.6000E-06,-2.8140702844E+00,-3.0954773128E+00
+257.2000E-06,-3.0954773128E+00,-3.1695317939E+00
+257.8000E-06,-3.6138586809E+00,-3.3324516525E+00
+258.4000E-06,-3.6582913697E+00,-3.6582913697E+00
+259.0000E-06,-3.6582913697E+00,-3.6582913697E+00
+259.6000E-06,-3.9396983981E+00,-3.9396983981E+00
+260.2000E-06,-4.2211054265E+00,-3.9396983981E+00
+260.8000E-06,-4.2211054265E+00,-3.9396983981E+00
+261.4000E-06,-4.2211054265E+00,-4.2211054265E+00
+262.0000E-06,-4.2211054265E+00,-4.2211054265E+00
+262.6000E-06,-4.3544034926E+00,-4.3692143889E+00
+263.2000E-06,-4.2359163227E+00,-4.2359163227E+00
+263.8000E-06,-4.5025124550E+00,-4.5025124550E+00
+264.4000E-06,-4.5025124550E+00,-4.2803490115E+00
+265.0000E-06,-4.5025124550E+00,-4.7246758985E+00
+265.6000E-06,-4.6061887286E+00,-4.3988361814E+00
+266.2000E-06,-4.5025124550E+00,-4.4877015587E+00
+266.8000E-06,-4.5025124550E+00,-4.3692143889E+00
+267.4000E-06,-4.5025124550E+00,-4.2211054265E+00
+268.0000E-06,-4.3099708040E+00,-4.2211054265E+00
+268.6000E-06,-4.2211054265E+00,-4.0137528792E+00
+269.2000E-06,-4.2655381153E+00,-3.9396983981E+00
+269.8000E-06,-4.0581855679E+00,-3.9396983981E+00
+270.4000E-06,-3.9396983981E+00,-3.6582913697E+00
+271.0000E-06,-3.9396983981E+00,-3.6582913697E+00
+271.6000E-06,-3.6582913697E+00,-3.4213170299E+00
+272.2000E-06,-3.6582913697E+00,-3.3768843412E+00
+272.8000E-06,-3.3768843412E+00,-3.3768843412E+00
+273.4000E-06,-3.3768843412E+00,-3.0954773128E+00
+274.0000E-06,-3.2435862752E+00,-2.8140702844E+00
+274.6000E-06,-2.8140702844E+00,-2.8140702844E+00
+275.2000E-06,-2.8140702844E+00,-2.3549325012E+00
+275.8000E-06,-2.5326632559E+00,-2.2512562275E+00
+276.4000E-06,-2.3104998125E+00,-1.9698491991E+00
+277.0000E-06,-2.0735254727E+00,-1.6884421706E+00
+277.6000E-06,-1.9698491991E+00,-1.4218460384E+00
+278.2000E-06,-1.6884421706E+00,-1.2589261799E+00
+278.8000E-06,-1.4070351422E+00,-1.1256281137E+00
+279.4000E-06,-1.2144934912E+00,-844.2210853E-03
+280.0000E-06,-918.2755664E-03,-562.8140569E-03
+280.6000E-06,-607.2467456E-03,-281.4070284E-03
+281.2000E-06,-562.8140569E-03,-281.4070284E-03
+281.8000E-06,-281.4070284E-03,+281.4070284E-03
+282.4000E-06,+0.0E+00,+281.4070284E-03
+283.0000E-06,+281.4070284E-03,+562.8140569E-03
+283.6000E-06,+281.4070284E-03,+562.8140569E-03
+284.2000E-06,+651.6794342E-03,+933.0864627E-03
+284.8000E-06,+814.5992928E-03,+1.1256281137E+00
+285.4000E-06,+977.5191514E-03,+1.4070351422E+00
+286.0000E-06,+1.3922242460E+00,+1.6884421706E+00
+286.6000E-06,+1.4070351422E+00,+1.8661729254E+00
+287.2000E-06,+1.9106056141E+00,+1.9698491991E+00
+287.8000E-06,+1.6884421706E+00,+2.2512562275E+00
+288.4000E-06,+2.0735254727E+00,+2.2512562275E+00
+289.0000E-06,+2.2512562275E+00,+2.2660671238E+00
+289.6000E-06,+2.3845542936E+00,+2.6659613221E+00
+290.2000E-06,+2.5326632559E+00,+2.8140702844E+00
+290.8000E-06,+2.6215286334E+00,+2.8140702844E+00
+291.4000E-06,+2.8140702844E+00,+3.0954773128E+00
+292.0000E-06,+2.8585029731E+00,+3.0954773128E+00
+292.6000E-06,+2.8140702844E+00,+3.0954773128E+00
+293.2000E-06,+3.0954773128E+00,+3.0954773128E+00
+293.8000E-06,+3.0954773128E+00,+3.3768843412E+00
+294.4000E-06,+3.0954773128E+00,+3.3768843412E+00
+295.0000E-06,+3.1695317940E+00,+3.5842368885E+00
+295.6000E-06,+3.3768843412E+00,+3.3768843412E+00
+296.2000E-06,+3.3768843412E+00,+3.3768843412E+00
+296.8000E-06,+3.3768843412E+00,+3.3768843412E+00
+297.4000E-06,+3.0954773128E+00,+3.3768843412E+00
+298.0000E-06,+3.1991535865E+00,+3.3028298601E+00
+298.6000E-06,+3.3176407563E+00,+3.3176407563E+00
+299.2000E-06,+3.0954773128E+00,+3.0954773128E+00
+299.8000E-06,+3.0954773128E+00,+3.1991535864E+00
+300.4000E-06,+3.0806664165E+00,+3.0806664165E+00
+301.0000E-06,+2.8140702844E+00,+2.9621792467E+00
+301.6000E-06,+2.7844484919E+00,+2.8140702844E+00
+302.2000E-06,+2.6215286334E+00,+2.8140702844E+00
+302.8000E-06,+2.5326632559E+00,+2.7400158032E+00
+303.4000E-06,+2.5326632559E+00,+2.5326632559E+00
+304.0000E-06,+2.2512562275E+00,+2.3697433973E+00
+304.6000E-06,+1.9698491991E+00,+2.2512562275E+00
+305.2000E-06,+1.8069293405E+00,+2.0883363689E+00
+305.8000E-06,+1.9698491991E+00,+1.9698491991E+00
+306.4000E-06,+1.6884421706E+00,+1.6884421706E+00
+307.0000E-06,+1.4070351422E+00,+1.4959005196E+00
+307.6000E-06,+1.1552499062E+00,+1.4070351422E+00
+308.2000E-06,+1.1256281137E+00,+1.1256281137E+00
+308.8000E-06,+844.2210853E-03,+829.4101891E-03
+309.4000E-06,+844.2210853E-03,+740.5448117E-03
+310.0000E-06,+562.8140569E-03,+340.6506134E-03
+310.6000E-06,+281.4070284E-03,+562.8140569E-03
+311.2000E-06,+103.6762736E-03,+0.0E+00
+311.8000E-06,+0.0E+00,+0.0E+00
+312.4000E-06,-148.1089623E-03,-281.4070284E-03
+313.0000E-06,-562.8140569E-03,-281.4070284E-03
+313.6000E-06,-562.8140569E-03,-562.8140569E-03
+314.2000E-06,-636.8685380E-03,-844.2210853E-03
+314.8000E-06,-844.2210853E-03,-844.2210853E-03
+315.4000E-06,-1.1256281137E+00,-844.2210853E-03
+316.0000E-06,-1.4070351422E+00,-1.1256281138E+00
+316.6000E-06,-1.4070351422E+00,-1.4070351422E+00
+317.2000E-06,-1.6884421706E+00,-1.6884421706E+00
+317.8000E-06,-1.7624966518E+00,-1.8957947179E+00
+318.4000E-06,-1.6884421706E+00,-1.9698491991E+00
+319.0000E-06,-2.2216344350E+00,-1.9994709915E+00
+319.6000E-06,-2.3993651898E+00,-2.2512562275E+00
+320.2000E-06,-2.2512562275E+00,-2.2660671237E+00
+320.8000E-06,-2.5326632559E+00,-2.3549325011E+00
+321.4000E-06,-2.7548266994E+00,-2.5326632559E+00
+322.0000E-06,-2.5326632559E+00,-2.8140702844E+00
+322.6000E-06,-2.8140702844E+00,-2.6363395296E+00
+323.2000E-06,-3.0806664166E+00,-2.8140702844E+00
+323.8000E-06,-3.0954773128E+00,-2.8140702844E+00
+324.4000E-06,-3.0954773128E+00,-3.0658555203E+00
+325.0000E-06,-3.0066119354E+00,-3.1843426902E+00
+325.6000E-06,-3.0954773128E+00,-3.0954773128E+00
+326.2000E-06,-3.0954773128E+00,-3.0954773128E+00
+326.8000E-06,-3.2583971714E+00,-3.2139644827E+00
+327.4000E-06,-3.3768843412E+00,-3.3768843412E+00
+328.0000E-06,-3.3768843412E+00,-3.0954773128E+00
+328.6000E-06,-2.8585029731E+00,-3.0954773128E+00
+329.2000E-06,-3.0954773128E+00,-3.3028298601E+00
+329.8000E-06,-3.0954773128E+00,-3.0066119354E+00
+330.4000E-06,-2.8436920768E+00,-2.8140702844E+00
+331.0000E-06,-3.0954773128E+00,-2.9621792467E+00
+331.6000E-06,-3.0954773128E+00,-2.8140702844E+00
+332.2000E-06,-2.9177465580E+00,-2.8140702844E+00
+332.8000E-06,-2.8140702844E+00,-2.5919068409E+00
+333.4000E-06,-2.8140702844E+00,-2.4734196710E+00
+334.0000E-06,-2.5326632559E+00,-2.4289869823E+00
+334.6000E-06,-2.5326632559E+00,-2.2512562275E+00
+335.2000E-06,-2.3845542936E+00,-2.2512562275E+00
+335.8000E-06,-2.5030414635E+00,-2.2512562275E+00
+336.4000E-06,-2.2512562275E+00,-1.9698491991E+00
+337.0000E-06,-1.9698491991E+00,-1.6884421706E+00
+337.6000E-06,-1.9698491991E+00,-1.6884421706E+00
+338.2000E-06,-1.8513620292E+00,-1.5255223120E+00
+338.8000E-06,-1.6884421706E+00,-1.4070351422E+00
+339.4000E-06,-1.4070351422E+00,-1.1256281137E+00
+340.0000E-06,-1.4070351422E+00,-888.6537740E-03
+340.6000E-06,-1.1256281137E+00,-844.2210853E-03
+341.2000E-06,-651.6794343E-03,-562.8140569E-03
+341.8000E-06,-844.2210853E-03,-592.4358493E-03
+342.4000E-06,-844.2210853E-03,-414.7050945E-03
+343.0000E-06,-548.0031606E-03,+0.0E+00
+343.6000E-06,-281.4070284E-03,-103.6762736E-03
+344.2000E-06,-281.4070284E-03,+59.2435849E-03
+344.8000E-06,+0.0E+00,+281.4070284E-03
+345.4000E-06,+281.4070284E-03,+281.4070284E-03
+346.0000E-06,+281.4070284E-03,+562.8140569E-03
+346.6000E-06,+414.7050945E-03,+710.9230192E-03
+347.2000E-06,+562.8140569E-03,+844.2210853E-03
+347.8000E-06,+844.2210853E-03,+844.2210853E-03
+348.4000E-06,+844.2210853E-03,+918.2755665E-03
+349.0000E-06,+1.0811954250E+00,+1.1256281137E+00
+349.6000E-06,+1.1256281137E+00,+1.2885479723E+00
+350.2000E-06,+1.1256281137E+00,+1.4070351422E+00
+350.8000E-06,+1.2885479723E+00,+1.6884421706E+00
+351.4000E-06,+1.4070351422E+00,+1.6884421706E+00
+352.0000E-06,+1.6143876894E+00,+1.9698491991E+00
+352.6000E-06,+1.4959005196E+00,+1.7773075480E+00
+353.2000E-06,+1.7180639631E+00,+1.9698491991E+00
+353.8000E-06,+1.9698491991E+00,+1.9698491991E+00
+354.4000E-06,+1.9698491991E+00,+2.2364453313E+00
+355.0000E-06,+1.7921184443E+00,+2.1475799539E+00
+355.6000E-06,+1.9698491991E+00,+2.0290927840E+00
+356.2000E-06,+1.9698491991E+00,+2.2512562275E+00
+356.8000E-06,+2.1475799539E+00,+2.2512562275E+00
+357.4000E-06,+2.2364453313E+00,+2.2512562275E+00
+358.0000E-06,+1.9698491991E+00,+2.2512562275E+00
+358.6000E-06,+2.2512562275E+00,+2.5030414635E+00
+359.2000E-06,+2.0587145765E+00,+2.2512562275E+00
+359.8000E-06,+1.9698491991E+00,+2.2512562275E+00
+360.4000E-06,+1.9698491991E+00,+2.2512562275E+00
+361.0000E-06,+1.9698491991E+00,+2.0883363689E+00
+361.6000E-06,+1.9698491991E+00,+2.2512562275E+00
+362.2000E-06,+1.9698491991E+00,+1.9698491991E+00
+362.8000E-06,+1.7328748593E+00,+2.2512562275E+00
+363.4000E-06,+1.6884421706E+00,+2.0439036802E+00
+364.0000E-06,+1.8809838217E+00,+1.9698491991E+00
+364.6000E-06,+1.6884421706E+00,+1.9698491991E+00
+365.2000E-06,+1.6884421706E+00,+1.6884421706E+00
+365.8000E-06,+1.6884421706E+00,+1.6884421706E+00
+366.4000E-06,+1.4070351422E+00,+1.4070351422E+00
+367.0000E-06,+1.1256281137E+00,+1.4070351422E+00
+367.6000E-06,+1.4070351422E+00,+1.4070351422E+00
+368.2000E-06,+1.1256281137E+00,+1.1256281137E+00
+368.8000E-06,+844.2210853E-03,+1.1256281137E+00
+369.4000E-06,+844.2210853E-03,+844.2210853E-03
+370.0000E-06,+592.4358493E-03,+844.2210853E-03
+370.6000E-06,+562.8140569E-03,+562.8140569E-03
+371.2000E-06,+562.8140569E-03,+562.8140569E-03
+371.8000E-06,+281.4070284E-03,+562.8140569E-03
+372.4000E-06,+399.8941983E-03,+281.4070284E-03
+373.0000E-06,+0.0E+00,+0.0E+00
+373.6000E-06,+0.0E+00,+0.0E+00
+374.2000E-06,-44.4326887E-03,-236.9743397E-03
+374.8000E-06,-488.7595757E-03,-488.7595757E-03
+375.4000E-06,-370.2724058E-03,-281.4070284E-03
+376.0000E-06,-562.8140569E-03,-533.1922644E-03
+376.6000E-06,-844.2210853E-03,-562.8140569E-03
+377.2000E-06,-844.2210853E-03,-577.6249531E-03
+377.8000E-06,-1.0219518401E+00,-844.2210853E-03
+378.4000E-06,-903.4646703E-03,-903.4646703E-03
+379.0000E-06,-1.1256281137E+00,-1.1256281137E+00
+379.6000E-06,-1.4070351422E+00,-1.4070351422E+00
+380.2000E-06,-1.4070351422E+00,-1.3922242460E+00
+380.8000E-06,-1.5403332083E+00,-1.5551441045E+00
+381.4000E-06,-1.6588203781E+00,-1.4366569347E+00
+382.0000E-06,-1.7773075480E+00,-1.6884421706E+00
+382.6000E-06,-1.8957947179E+00,-1.7624966518E+00
+383.2000E-06,-1.9254165104E+00,-1.9254165104E+00
+383.8000E-06,-1.9698491991E+00,-1.9698491991E+00
+384.4000E-06,-1.6884421706E+00,-1.9698491991E+00
+385.0000E-06,-2.1327690576E+00,-2.2512562275E+00
+385.6000E-06,-2.2068235388E+00,-2.0142818878E+00
+386.2000E-06,-2.2512562275E+00,-2.0439036802E+00
+386.8000E-06,-2.2512562275E+00,-2.0587145765E+00
+387.4000E-06,-2.5030414635E+00,-2.2512562275E+00
+388.0000E-06,-2.2512562275E+00,-2.1031472652E+00
+388.6000E-06,-2.2512562275E+00,-2.2364453312E+00
+389.2000E-06,-2.4289869823E+00,-2.0735254727E+00
+389.8000E-06,-2.4734196710E+00,-2.1920126425E+00
+390.4000E-06,-2.3104998124E+00,-2.1920126426E+00
+391.0000E-06,-2.1475799538E+00,-2.2512562275E+00
+391.6000E-06,-2.2512562275E+00,-2.2512562275E+00
+392.2000E-06,-2.3845542936E+00,-2.1179581614E+00
+392.8000E-06,-2.2216344350E+00,-2.2216344350E+00
+393.4000E-06,-2.2512562275E+00,-1.9698491991E+00
+394.0000E-06,-2.0439036802E+00,-2.0439036802E+00
+394.6000E-06,-2.2068235388E+00,-1.9254165104E+00
+395.2000E-06,-1.9698491991E+00,-1.9698491991E+00
+395.8000E-06,-1.9698491991E+00,-1.6884421706E+00
+396.4000E-06,-1.8069293405E+00,-1.6884421706E+00
+397.0000E-06,-1.9254165103E+00,-1.6884421706E+00
+397.6000E-06,-1.6884421706E+00,-1.4070351422E+00
+398.2000E-06,-1.6884421706E+00,-1.4070351422E+00
+398.8000E-06,-1.6884421706E+00,-1.3774133497E+00
+399.4000E-06,-1.5403332083E+00,-1.2737370761E+00
+400.0000E-06,-1.4070351422E+00,-1.1256281137E+00
+400.6000E-06,-1.4070351422E+00,-1.1256281137E+00
+401.2000E-06,-1.1256281137E+00,-844.2210853E-03
+401.8000E-06,-844.2210853E-03,-844.2210853E-03
+402.4000E-06,-844.2210853E-03,-562.8140569E-03
+403.0000E-06,-844.2210853E-03,-562.8140569E-03
+403.6000E-06,-844.2210853E-03,-562.8140569E-03
+404.2000E-06,-562.8140569E-03,-533.1922644E-03
+404.8000E-06,-370.2724058E-03,-192.5416511E-03
+405.4000E-06,-281.4070284E-03,-207.3525473E-03
+406.0000E-06,-236.9743398E-03,-236.9743398E-03
+406.6000E-06,-162.9198586E-03,+0.0E+00
+407.2000E-06,+0.0E+00,+0.0E+00
+407.8000E-06,+0.0E+00,+281.4070284E-03
+408.4000E-06,+236.9743397E-03,+281.4070284E-03
+409.0000E-06,+281.4070284E-03,+562.8140569E-03
+409.6000E-06,+281.4070284E-03,+562.8140569E-03
+410.2000E-06,+311.0288209E-03,+814.5992929E-03
+410.8000E-06,+562.8140569E-03,+844.2210853E-03
+411.4000E-06,+577.6249531E-03,+577.6249531E-03
+412.0000E-06,+844.2210853E-03,+1.0219518401E+00
+412.6000E-06,+622.0576418E-03,+844.2210853E-03
+413.2000E-06,+1.0663845288E+00,+1.1256281137E+00
+413.8000E-06,+844.2210853E-03,+1.1256281137E+00
+414.4000E-06,+1.1256281137E+00,+1.3922242460E+00
+415.0000E-06,+1.1256281137E+00,+1.2737370761E+00
+415.6000E-06,+1.1256281137E+00,+1.4070351422E+00
+416.2000E-06,+1.1256281137E+00,+1.4070351422E+00
+416.8000E-06,+1.4070351422E+00,+1.4070351422E+00
+417.4000E-06,+1.4514678309E+00,+1.4070351422E+00
+418.0000E-06,+1.2441152836E+00,+1.4070351422E+00
+418.6000E-06,+1.1256281137E+00,+1.4070351422E+00
+419.2000E-06,+1.4070351422E+00,+1.6884421706E+00
+419.8000E-06,+1.4070351422E+00,+1.6440094819E+00
+420.4000E-06,+1.1996825949E+00,+1.4070351422E+00
+421.0000E-06,+1.4070351422E+00,+1.5995767932E+00
+421.6000E-06,+1.4070351422E+00,+1.4070351422E+00
+422.2000E-06,+1.1256281137E+00,+1.4070351422E+00
+422.8000E-06,+1.4070351422E+00,+1.4070351422E+00
+423.4000E-06,+1.4070351422E+00,+1.4070351422E+00
+424.0000E-06,+1.1256281137E+00,+1.4070351422E+00
+424.6000E-06,+1.3477915573E+00,+1.6291985857E+00
+425.2000E-06,+1.2293043874E+00,+1.2293043874E+00
+425.8000E-06,+1.1256281137E+00,+1.1256281137E+00
+426.4000E-06,+1.1256281137E+00,+1.2737370761E+00
+427.0000E-06,+1.1256281137E+00,+1.1256281137E+00
+427.6000E-06,+844.2210853E-03,+1.1256281137E+00
+428.2000E-06,+844.2210853E-03,+1.0515736326E+00
+428.8000E-06,+844.2210853E-03,+1.1256281137E+00
+429.4000E-06,+844.2210853E-03,+844.2210853E-03
+430.0000E-06,+844.2210853E-03,+844.2210853E-03
+430.6000E-06,+844.2210853E-03,+844.2210853E-03
+431.2000E-06,+518.3813681E-03,+844.2210853E-03
+431.8000E-06,+355.4615096E-03,+844.2210853E-03
+432.4000E-06,+281.4070284E-03,+562.8140569E-03
+433.0000E-06,+281.4070284E-03,+281.4070284E-03
+433.6000E-06,+281.4070284E-03,+281.4070284E-03
+434.2000E-06,+281.4070284E-03,+281.4070284E-03
+434.8000E-06,+103.6762736E-03,+177.7307548E-03
+435.4000E-06,+0.0E+00,+0.0E+00
+436.0000E-06,-222.1634435E-03,+0.0E+00
+436.6000E-06,-177.7307548E-03,-177.7307548E-03
+437.2000E-06,-281.4070284E-03,-266.5961322E-03
+437.8000E-06,-429.5159908E-03,-414.7050945E-03
+438.4000E-06,-562.8140569E-03,-562.8140569E-03
+439.0000E-06,-755.3557079E-03,-281.4070284E-03
+439.6000E-06,-844.2210853E-03,-562.8140569E-03
+440.2000E-06,-607.2467455E-03,-844.2210853E-03
+440.8000E-06,-681.3012268E-03,-844.2210853E-03
+441.4000E-06,-1.1256281137E+00,-844.2210853E-03
+442.0000E-06,-1.1256281137E+00,-1.0071409439E+00
+442.6000E-06,-1.1700608025E+00,-844.2210853E-03
+443.2000E-06,-1.3329806610E+00,-1.1256281137E+00
+443.8000E-06,-1.2144934912E+00,-1.2293043873E+00
+444.4000E-06,-1.1552499062E+00,-1.3774133497E+00
+445.0000E-06,-1.2589261799E+00,-1.4070351422E+00
+445.6000E-06,-1.6736312744E+00,-1.4070351422E+00
+446.2000E-06,-1.4070351422E+00,-1.5107114158E+00
+446.8000E-06,-1.4070351422E+00,-1.4070351422E+00
+447.4000E-06,-1.6291985857E+00,-1.4070351422E+00
+448.0000E-06,-1.5107114159E+00,-1.4070351422E+00
+448.6000E-06,-1.6884421706E+00,-1.4218460384E+00
+449.2000E-06,-1.5551441046E+00,-1.6884421706E+00
+449.8000E-06,-1.4366569347E+00,-1.4070351422E+00
+450.4000E-06,-1.7773075480E+00,-1.5995767933E+00
+451.0000E-06,-1.6884421706E+00,-1.4070351422E+00
+451.6000E-06,-1.9254165104E+00,-1.6440094820E+00
+452.2000E-06,-1.6884421706E+00,-1.5699550007E+00
+452.8000E-06,-1.6884421706E+00,-1.6884421706E+00
+453.4000E-06,-1.6884421706E+00,-1.6884421706E+00
+454.0000E-06,-1.7328748594E+00,-1.4070351422E+00
+454.6000E-06,-1.6884421706E+00,-1.6143876895E+00
+455.2000E-06,-1.6884421706E+00,-1.4070351422E+00
+455.8000E-06,-1.4070351422E+00,-1.4366569346E+00
+456.4000E-06,-1.4070351422E+00,-1.2737370760E+00
+457.0000E-06,-1.4218460385E+00,-1.3922242459E+00
+457.6000E-06,-1.4366569345E+00,-1.4070351422E+00
+458.2000E-06,-1.4070351422E+00,-1.1848716987E+00
+458.8000E-06,-1.4070351422E+00,-1.3477915573E+00
+459.4000E-06,-1.4070351422E+00,-1.1256281137E+00
+460.0000E-06,-1.3922242460E+00,-1.1256281137E+00
+460.6000E-06,-1.4070351422E+00,-1.1256281137E+00
+461.2000E-06,-1.1256281137E+00,-1.1256281137E+00
+461.8000E-06,-1.1256281137E+00,-651.6794342E-03
+462.4000E-06,-1.0515736325E+00,-918.2755665E-03
+463.0000E-06,-844.2210853E-03,-799.7883966E-03
+463.6000E-06,-681.3012268E-03,-844.2210853E-03
+464.2000E-06,-844.2210853E-03,-562.8140569E-03
+464.8000E-06,-562.8140569E-03,-562.8140569E-03
+465.4000E-06,-607.2467456E-03,-518.3813681E-03
+466.0000E-06,-562.8140569E-03,-281.4070284E-03
+466.6000E-06,-473.9486794E-03,-88.8653774E-03
+467.2000E-06,-311.0288209E-03,-29.6217924E-03
+467.8000E-06,-414.7050946E-03,+0.0E+00
+468.4000E-06,-14.8108963E-03,+0.0E+00
+469.0000E-06,-177.7307548E-03,+177.7307548E-03
+469.6000E-06,+0.0E+00,+222.1634435E-03
+470.2000E-06,+0.0E+00,+222.1634435E-03
+470.8000E-06,+0.0E+00,+281.4070284E-03
+471.4000E-06,+281.4070284E-03,+562.8140569E-03
+472.0000E-06,+281.4070284E-03,+414.7050945E-03
+472.6000E-06,+281.4070284E-03,+311.0288209E-03
+473.2000E-06,+281.4070284E-03,+562.8140569E-03
+473.8000E-06,+207.3525472E-03,+562.8140569E-03
+474.4000E-06,+518.3813682E-03,+562.8140569E-03
+475.0000E-06,+562.8140569E-03,+844.2210853E-03
+475.6000E-06,+562.8140569E-03,+844.2210853E-03
+476.2000E-06,+725.7339155E-03,+844.2210853E-03
+476.8000E-06,+562.8140569E-03,+799.7883966E-03
+477.4000E-06,+562.8140569E-03,+844.2210853E-03
+478.0000E-06,+755.3557079E-03,+755.3557079E-03
+478.6000E-06,+844.2210853E-03,+1.0960063213E+00
+479.2000E-06,+696.1121230E-03,+1.1256281137E+00
+479.8000E-06,+844.2210853E-03,+844.2210853E-03
+480.4000E-06,+844.2210853E-03,+1.0219518402E+00
+481.0000E-06,+844.2210853E-03,+903.4646703E-03
+481.6000E-06,+844.2210853E-03,+1.1256281137E+00
+482.2000E-06,+844.2210853E-03,+947.8973590E-03
+482.8000E-06,+844.2210853E-03,+1.1108172176E+00
+483.4000E-06,+844.2210853E-03,+992.3300477E-03
+484.0000E-06,+1.0960063212E+00,+1.0960063212E+00
+484.6000E-06,+755.3557080E-03,+844.2210853E-03
+485.2000E-06,+636.8685381E-03,+1.0515736325E+00
+485.8000E-06,+844.2210853E-03,+1.0811954251E+00
+486.4000E-06,+844.2210853E-03,+681.3012268E-03
+487.0000E-06,+844.2210853E-03,+844.2210853E-03
+487.6000E-06,+844.2210853E-03,+844.2210853E-03
+488.2000E-06,+562.8140569E-03,+844.2210853E-03
+488.8000E-06,+770.1666042E-03,+844.2210853E-03
+489.4000E-06,+651.6794343E-03,+844.2210853E-03
+490.0000E-06,+562.8140569E-03,+562.8140569E-03
+490.6000E-06,+562.8140569E-03,+562.8140569E-03
+491.2000E-06,+281.4070284E-03,+562.8140569E-03
+491.8000E-06,+385.0833020E-03,+562.8140569E-03
+492.4000E-06,+340.6506134E-03,+503.5704719E-03
+493.0000E-06,+281.4070284E-03,+562.8140569E-03
+493.6000E-06,+281.4070284E-03,+281.4070284E-03
+494.2000E-06,+281.4070284E-03,+296.2179246E-03
+494.8000E-06,+0.0E+00,+281.4070284E-03
+495.4000E-06,+0.0E+00,+281.4070284E-03
+496.0000E-06,-88.8653774E-03,+281.4070284E-03
+496.6000E-06,+0.0E+00,+207.3525472E-03
+497.2000E-06,+0.0E+00,+0.0E+00
+497.8000E-06,-281.4070284E-03,+0.0E+00
+498.4000E-06,-281.4070284E-03,+0.0E+00
+499.0000E-06,-281.4070284E-03,-281.4070284E-03
+499.6000E-06,-325.8397172E-03,-281.4070284E-03
+500.2000E-06,-562.8140569E-03,-281.4070284E-03
+500.8000E-06,-281.4070284E-03,-370.2724059E-03
+501.4000E-06,-562.8140569E-03,-311.0288209E-03
+502.0000E-06,-696.1121230E-03,-562.8140569E-03
+502.6000E-06,-844.2210853E-03,-562.8140569E-03
+503.2000E-06,-666.4903305E-03,-562.8140569E-03
+503.8000E-06,-844.2210853E-03,-784.9775003E-03
+504.4000E-06,-844.2210853E-03,-844.2210853E-03
+505.0000E-06,-844.2210853E-03,-740.5448116E-03
+505.6000E-06,-844.2210853E-03,-844.2210853E-03
+506.2000E-06,-977.5191514E-03,-844.2210853E-03
+506.8000E-06,-873.8428778E-03,-1.0960063212E+00
+507.4000E-06,-1.1256281137E+00,-844.2210853E-03
+508.0000E-06,-1.0515736325E+00,-918.2755665E-03
+508.6000E-06,-1.3626024535E+00,-888.6537740E-03
+509.2000E-06,-1.1256281137E+00,-1.1256281137E+00
+509.8000E-06,-1.1256281137E+00,-1.1256281137E+00
+510.4000E-06,-1.1256281137E+00,-1.0071409439E+00
+511.0000E-06,-1.1700608025E+00,-1.1256281137E+00
+511.6000E-06,-1.1256281137E+00,-1.3329806611E+00
+512.2000E-06,-1.1256281137E+00,-933.0864628E-03
+512.8000E-06,-1.1256281137E+00,-1.1256281137E+00
+513.4000E-06,-1.2589261799E+00,-992.3300476E-03
+514.0000E-06,-1.1404390100E+00,-1.1256281137E+00
+514.6000E-06,-1.2293043873E+00,-1.1256281137E+00
+515.2000E-06,-1.1256281137E+00,-1.1256281137E+00
+515.8000E-06,-1.1848716986E+00,-1.1256281137E+00
+516.4000E-06,-1.1256281137E+00,-1.1256281137E+00
+517.0000E-06,-1.1256281137E+00,-1.1256281137E+00
+517.6000E-06,-1.1256281137E+00,-1.1256281137E+00
+518.2000E-06,-1.1256281137E+00,-873.8428778E-03
+518.8000E-06,-1.2144934911E+00,-1.1256281137E+00
+519.4000E-06,-1.1256281137E+00,-844.2210853E-03
+520.0000E-06,-1.0811954251E+00,-844.2210853E-03
+520.6000E-06,-1.0071409438E+00,-844.2210853E-03
+521.2000E-06,-1.1256281137E+00,-844.2210853E-03
+521.8000E-06,-962.7082551E-03,-844.2210853E-03
+522.4000E-06,-844.2210853E-03,-844.2210853E-03
+523.0000E-06,-844.2210853E-03,-770.1666042E-03
+523.6000E-06,-1.0367627363E+00,-562.8140569E-03
+524.2000E-06,-592.4358493E-03,-562.8140569E-03
+524.8000E-06,-710.9230191E-03,-414.7050946E-03
+525.4000E-06,-844.2210853E-03,-562.8140569E-03
+526.0000E-06,-666.4903304E-03,-385.0833020E-03
+526.6000E-06,-562.8140569E-03,-281.4070284E-03
+527.2000E-06,-622.0576417E-03,-281.4070284E-03
+527.8000E-06,-459.1377832E-03,-281.4070284E-03
+528.4000E-06,-548.0031607E-03,-266.5961323E-03
+529.0000E-06,-429.5159908E-03,-133.2980660E-03
+529.6000E-06,-562.8140569E-03,-281.4070284E-03
+530.2000E-06,-370.2724058E-03,-88.8653773E-03
+530.8000E-06,-281.4070284E-03,+0.0E+00
+531.4000E-06,-281.4070284E-03,+0.0E+00
+532.0000E-06,+0.0E+00,+0.0E+00
+532.6000E-06,+0.0E+00,+100E-12
+533.2000E-06,+0.0E+00,+118.4871698E-03
+533.8000E-06,-236.9743397E-03,+44.4326888E-03
+534.4000E-06,+281.4070284E-03,+281.4070284E-03
+535.0000E-06,+192.5416510E-03,+281.4070284E-03
+535.6000E-06,+281.4070284E-03,+533.1922645E-03
+536.2000E-06,+133.2980662E-03,+281.4070284E-03
+536.8000E-06,+281.4070284E-03,+296.2179247E-03
+537.4000E-06,+281.4070284E-03,+459.1377833E-03
+538.0000E-06,+340.6506134E-03,+340.6506134E-03
+538.6000E-06,+340.6506133E-03,+562.8140569E-03
+539.2000E-06,+459.1377832E-03,+562.8140569E-03
+539.8000E-06,+548.0031607E-03,+562.8140569E-03
+540.4000E-06,+414.7050945E-03,+562.8140569E-03
+541.0000E-06,+533.1922643E-03,+562.8140569E-03
+541.6000E-06,+473.9486795E-03,+562.8140569E-03
+542.2000E-06,+281.4070284E-03,+562.8140569E-03
+542.8000E-06,+562.8140569E-03,+562.8140569E-03
+543.4000E-06,+562.8140569E-03,+725.7339154E-03
+544.0000E-06,+562.8140569E-03,+562.8140569E-03
+544.6000E-06,+725.7339155E-03,+562.8140569E-03
+545.2000E-06,+562.8140569E-03,+562.8140569E-03
+545.8000E-06,+488.7595758E-03,+636.8685380E-03
+546.4000E-06,+562.8140569E-03,+755.3557078E-03
+547.0000E-06,+562.8140569E-03,+592.4358493E-03
+547.6000E-06,+562.8140569E-03,+710.9230191E-03
+548.2000E-06,+562.8140569E-03,+562.8140569E-03
+548.8000E-06,+385.0833020E-03,+666.4903304E-03
+549.4000E-06,+503.5704719E-03,+562.8140569E-03
+550.0000E-06,+503.5704720E-03,+562.8140569E-03
+550.6000E-06,+281.4070284E-03,+562.8140569E-03
+551.2000E-06,+281.4070284E-03,+562.8140569E-03
+551.8000E-06,+148.1089624E-03,+414.7050945E-03
+552.4000E-06,+281.4070284E-03,+311.0288210E-03
+553.0000E-06,+281.4070284E-03,+473.9486795E-03
+553.6000E-06,+74.0544812E-03,+281.4070284E-03
+554.2000E-06,+236.9743398E-03,+44.4326886E-03
+554.8000E-06,+325.8397170E-03,+281.4070284E-03
+555.4000E-06,+0.0E+00,+281.4070284E-03
+556.0000E-06,+118.4871698E-03,+162.9198586E-03
+556.6000E-06,+192.5416509E-03,+236.9743397E-03
+557.2000E-06,+0.0E+00,+0.0E+00
+557.8000E-06,+0.0E+00,+0.0E+00
+558.4000E-06,+0.0E+00,+0.0E+00
+559.0000E-06,+0.0E+00,+0.0E+00
+559.6000E-06,-266.5961321E-03,-14.8108963E-03
+560.2000E-06,-281.4070284E-03,+0.0E+00
+560.8000E-06,-59.2435850E-03,-59.2435850E-03
+561.4000E-06,-340.6506133E-03,-222.1634436E-03
+562.0000E-06,-459.1377832E-03,-281.4070284E-03
+562.6000E-06,-296.2179246E-03,-281.4070284E-03
+563.2000E-06,-562.8140569E-03,-429.5159908E-03
+563.8000E-06,-562.8140569E-03,-533.1922643E-03
+564.4000E-06,-755.3557080E-03,-281.4070284E-03
+565.0000E-06,-844.2210853E-03,-488.7595756E-03
+565.6000E-06,-562.8140569E-03,-562.8140569E-03
+566.2000E-06,-681.3012268E-03,-681.3012268E-03
+566.8000E-06,-562.8140569E-03,-281.4070284E-03
+567.4000E-06,-681.3012267E-03,-562.8140569E-03
+568.0000E-06,-844.2210853E-03,-607.2467456E-03
+568.6000E-06,-844.2210853E-03,-770.1666042E-03
+569.2000E-06,-844.2210853E-03,-844.2210853E-03
+569.8000E-06,-592.4358493E-03,-592.4358493E-03
+570.4000E-06,-844.2210853E-03,-562.8140569E-03
+571.0000E-06,-844.2210853E-03,-844.2210853E-03
+571.6000E-06,-1.0219518402E+00,-740.5448118E-03
+572.2000E-06,-844.2210853E-03,-903.4646703E-03
+572.8000E-06,-844.2210853E-03,-844.2210853E-03
+573.4000E-06,-1.0219518400E+00,-740.5448116E-03
+574.0000E-06,-1.1108172176E+00,-829.4101892E-03
+574.6000E-06,-977.5191513E-03,-844.2210853E-03
+575.2000E-06,-1.0960063212E+00,-592.4358494E-03
+575.8000E-06,-1.3181697649E+00,-1.0367627364E+00
+576.4000E-06,-1.1256281137E+00,-844.2210853E-03
+577.0000E-06,-888.6537739E-03,-607.2467455E-03
+577.6000E-06,-962.7082553E-03,-844.2210853E-03
+578.2000E-06,-844.2210853E-03,-844.2210853E-03
+578.8000E-06,-962.7082551E-03,-844.2210853E-03
+579.4000E-06,-844.2210853E-03,-607.2467457E-03
+580.0000E-06,-918.2755664E-03,-770.1666042E-03
+580.6000E-06,-1.0367627363E+00,-755.3557078E-03
+581.2000E-06,-844.2210853E-03,-562.8140569E-03
+581.8000E-06,-696.1121231E-03,-696.1121231E-03
+582.4000E-06,-844.2210853E-03,-562.8140569E-03
+583.0000E-06,-666.4903304E-03,-740.5448118E-03
+583.6000E-06,-784.9775003E-03,-562.8140569E-03
+584.2000E-06,-622.0576417E-03,-562.8140569E-03
+584.8000E-06,-666.4903306E-03,-562.8140569E-03
+585.4000E-06,-829.4101892E-03,-562.8140569E-03
+586.0000E-06,-696.1121229E-03,-562.8140569E-03
+586.6000E-06,-844.2210853E-03,-533.1922643E-03
+587.2000E-06,-562.8140569E-03,-562.8140569E-03
+587.8000E-06,-770.1666041E-03,-488.7595756E-03
+588.4000E-06,-562.8140569E-03,-562.8140569E-03
+589.0000E-06,-562.8140569E-03,-281.4070284E-03
+589.6000E-06,-562.8140569E-03,-281.4070284E-03
+590.2000E-06,-562.8140569E-03,-162.9198587E-03
+590.8000E-06,-281.4070284E-03,-236.9743397E-03
+591.4000E-06,-281.4070284E-03,-74.0544811E-03
+592.0000E-06,-281.4070284E-03,+0.0E+00
+592.6000E-06,-251.7852361E-03,+0.0E+00
+593.2000E-06,-429.5159907E-03,+0.0E+00
+593.8000E-06,+0.0E+00,+0.0E+00
+594.4000E-06,-281.4070284E-03,+0.0E+00
+595.0000E-06,-222.1634434E-03,+0.0E+00
+595.6000E-06,-281.4070284E-03,+222.1634436E-03
+596.2000E-06,+0.0E+00,+0.0E+00
+596.8000E-06,+14.8108961E-03,+266.5961323E-03
+597.4000E-06,+0.0E+00,+148.1089624E-03
+598.0000E-06,+0.0E+00,+251.7852359E-03
+598.6000E-06,+0.0E+00,+192.5416511E-03
+599.2000E-06,+0.0E+00,+281.4070284E-03
+599.8000E-06,+281.4070284E-03,+0.0E+00
+600.4000E-06,+118.4871700E-03,+281.4070284E-03
+601.0000E-06,+100E-12,+562.8140569E-03
+601.6000E-06,+118.4871698E-03,+444.3268871E-03
+602.2000E-06,+281.4070284E-03,+562.8140569E-03
+602.8000E-06,+414.7050947E-03,+281.4070284E-03
+603.4000E-06,+88.8653775E-03,+473.9486794E-03
+604.0000E-06,+311.0288208E-03,+281.4070284E-03
+604.6000E-06,+281.4070284E-03,+429.5159907E-03
+605.2000E-06,+281.4070284E-03,+281.4070284E-03
+605.8000E-06,+281.4070284E-03,+281.4070284E-03
+606.4000E-06,+281.4070284E-03,+503.5704719E-03
+607.0000E-06,+281.4070284E-03,+562.8140569E-03
+607.6000E-06,+103.6762737E-03,+459.1377832E-03
+608.2000E-06,+14.8108961E-03,+296.2179246E-03
+608.8000E-06,+281.4070284E-03,+281.4070284E-03
+609.4000E-06,+281.4070284E-03,+533.1922643E-03
+610.0000E-06,+281.4070284E-03,+281.4070284E-03
+610.6000E-06,+281.4070284E-03,+281.4070284E-03
+611.2000E-06,+281.4070284E-03,+281.4070284E-03
+611.8000E-06,+162.9198585E-03,+0.0E+00
+612.4000E-06,+281.4070284E-03,+281.4070284E-03
+613.0000E-06,+118.4871698E-03,+281.4070284E-03
+613.6000E-06,+0.0E+00,+281.4070284E-03
+614.2000E-06,+74.0544811E-03,+207.3525474E-03
+614.8000E-06,-88.8653775E-03,+281.4070284E-03
+615.4000E-06,+222.1634437E-03,+281.4070284E-03
+616.0000E-06,+0.0E+00,+281.4070284E-03
+616.6000E-06,+14.8108963E-03,+281.4070284E-03
+617.2000E-06,+0.0E+00,+0.0E+00
+617.8000E-06,+59.2435850E-03,+0.0E+00
+618.4000E-06,+0.0E+00,+222.1634436E-03
+619.0000E-06,-103.6762737E-03,+0.0E+00
+619.6000E-06,-266.5961323E-03,+0.0E+00
+620.2000E-06,-281.4070284E-03,+0.0E+00
+620.8000E-06,-281.4070284E-03,+0.0E+00
+621.4000E-06,-88.8653773E-03,-88.8653773E-03
+622.0000E-06,-281.4070284E-03,+0.0E+00
+622.6000E-06,-518.3813683E-03,+0.0E+00
+623.2000E-06,-281.4070284E-03,-162.9198585E-03
+623.8000E-06,-281.4070284E-03,-281.4070283E-03
+624.4000E-06,-281.4070284E-03,-281.4070284E-03
+625.0000E-06,-281.4070284E-03,-281.4070284E-03
+625.6000E-06,-488.7595758E-03,-281.4070284E-03
+626.2000E-06,-562.8140569E-03,-281.4070284E-03
+626.8000E-06,-814.5992929E-03,-311.0288208E-03
+627.4000E-06,-562.8140569E-03,-281.4070284E-03
+628.0000E-06,-562.8140569E-03,-281.4070284E-03
+628.6000E-06,-562.8140569E-03,-562.8140569E-03
+629.2000E-06,-562.8140569E-03,-503.5704718E-03
+629.8000E-06,-784.9775005E-03,-562.8140569E-03
+630.4000E-06,-666.4903306E-03,-562.8140569E-03
+631.0000E-06,-562.8140569E-03,-562.8140569E-03
+631.6000E-06,-562.8140569E-03,-562.8140569E-03
+632.2000E-06,-592.4358494E-03,-814.5992927E-03
+632.8000E-06,-844.2210853E-03,-562.8140569E-03
+633.4000E-06,-636.8685381E-03,-562.8140569E-03
+634.0000E-06,-607.2467455E-03,-562.8140569E-03
+634.6000E-06,-844.2210853E-03,-681.3012268E-03
+635.2000E-06,-844.2210853E-03,-562.8140569E-03
+635.8000E-06,-844.2210853E-03,-562.8140569E-03
+636.4000E-06,-844.2210853E-03,-562.8140569E-03
+637.0000E-06,-636.8685379E-03,-770.1666042E-03
+637.6000E-06,-755.3557078E-03,-651.6794344E-03
+638.2000E-06,-844.2210853E-03,-562.8140569E-03
+638.8000E-06,-992.3300475E-03,-696.1121231E-03
+639.4000E-06,-577.6249532E-03,-562.8140569E-03
+640.0000E-06,-562.8140569E-03,-562.8140569E-03
+640.6000E-06,-784.9775003E-03,-784.9775003E-03
+641.2000E-06,-844.2210853E-03,-844.2210853E-03
+641.8000E-06,-844.2210853E-03,-562.8140569E-03
+642.4000E-06,-577.6249530E-03,-562.8140569E-03
+643.0000E-06,-696.1121229E-03,-562.8140569E-03
+643.6000E-06,-592.4358494E-03,-562.8140569E-03
+644.2000E-06,-562.8140569E-03,-562.8140569E-03
+644.8000E-06,-770.1666040E-03,-562.8140569E-03
+645.4000E-06,-562.8140569E-03,-518.3813683E-03
+646.0000E-06,-562.8140569E-03,-281.4070284E-03
+646.6000E-06,-562.8140570E-03,-281.4070285E-03
+647.2000E-06,-562.8140569E-03,-281.4070284E-03
+647.8000E-06,-562.8140569E-03,-518.3813681E-03
+648.4000E-06,-562.8140569E-03,-281.4070284E-03
+649.0000E-06,-370.2724059E-03,-370.2724059E-03
+649.6000E-06,-562.8140569E-03,-281.4070284E-03
+650.2000E-06,-281.4070284E-03,-281.4070284E-03
+650.8000E-06,-562.8140569E-03,-14.8108963E-03
+651.4000E-06,-281.4070284E-03,-281.4070284E-03
+652.0000E-06,-281.4070284E-03,-281.4070284E-03
+652.6000E-06,-340.6506133E-03,-281.4070284E-03
+653.2000E-06,-281.4070284E-03,-177.7307547E-03
+653.8000E-06,-281.4070284E-03,-533.1922646E-03
+654.4000E-06,-281.4070284E-03,-148.1089624E-03
+655.0000E-06,-29.6217926E-03,-251.7852359E-03
+655.6000E-06,-192.5416511E-03,+0.0E+00
+656.2000E-06,+0.0E+00,-74.0544813E-03
+656.8000E-06,-44.4326886E-03,+0.0E+00
+657.4000E-06,-325.8397169E-03,+0.0E+00
+658.0000E-06,-281.4070283E-03,+0.0E+00
+658.6000E-06,-118.4871698E-03,+0.0E+00
+659.2000E-06,-44.4326888E-03,+0.0E+00
+659.8000E-06,-207.3525474E-03,+207.3525474E-03
+660.4000E-06,-88.8653775E-03,+281.4070284E-03
+661.0000E-06,+0.0E+00,+29.6217924E-03
+661.6000E-06,+0.0E+00,+0.0E+00
+662.2000E-06,-281.4070284E-03,+281.4070284E-03
+662.8000E-06,+0.0E+00,+177.7307549E-03
+663.4000E-06,+0.0E+00,+281.4070284E-03
+664.0000E-06,+0.0E+00,+281.4070284E-03
+664.6000E-06,+0.0E+00,+281.4070284E-03
+665.2000E-06,+266.5961323E-03,+281.4070284E-03
+665.8000E-06,+133.2980660E-03,+281.4070284E-03
+666.4000E-06,+0.0E+00,+281.4070284E-03
+667.0000E-06,+88.8653773E-03,+192.5416511E-03
+667.6000E-06,+281.4070284E-03,+207.3525472E-03
+668.2000E-06,+0.0E+00,+236.9743398E-03
+668.8000E-06,+118.4871700E-03,+281.4070284E-03
+669.4000E-06,+100E-12,+281.4070284E-03
+670.0000E-06,+162.9198587E-03,+281.4070284E-03
+670.6000E-06,+236.9743396E-03,+281.4070284E-03
+671.2000E-06,+0.0E+00,+281.4070284E-03
+671.8000E-06,+0.0E+00,+281.4070284E-03
+672.4000E-06,+0.0E+00,+0.0E+00
+673.0000E-06,+0.0E+00,+281.4070284E-03
+673.6000E-06,+266.5961321E-03,+266.5961321E-03
+674.2000E-06,+0.0E+00,+281.4070284E-03
+674.8000E-06,+0.0E+00,+59.2435850E-03
+675.4000E-06,+0.0E+00,+281.4070284E-03
+676.0000E-06,+0.0E+00,+103.6762737E-03
+676.6000E-06,-266.5961323E-03,+14.8108961E-03
+677.2000E-06,+0.0E+00,+0.0E+00
+677.8000E-06,+0.0E+00,+0.0E+00
+678.4000E-06,+0.0E+00,+0.0E+00
+679.0000E-06,-281.4070284E-03,+74.0544813E-03
+679.6000E-06,+0.0E+00,+0.0E+00
+680.2000E-06,-118.4871700E-03,+0.0E+00
+680.8000E-06,-281.4070284E-03,+0.0E+00
+681.4000E-06,-281.4070284E-03,+0.0E+00
+682.0000E-06,-281.4070284E-03,+0.0E+00
+682.6000E-06,-281.4070284E-03,-74.0544811E-03
+683.2000E-06,-473.9486794E-03,+88.8653775E-03
+683.8000E-06,-281.4070284E-03,-29.6217923E-03
+684.4000E-06,-133.2980662E-03,-281.4070284E-03
+685.0000E-06,-281.4070284E-03,-266.5961321E-03
+685.6000E-06,-281.4070284E-03,-103.6762735E-03
+686.2000E-06,-340.6506135E-03,-59.2435851E-03
+686.8000E-06,-281.4070284E-03,-281.4070284E-03
+687.4000E-06,-459.1377831E-03,-103.6762738E-03
+688.0000E-06,-281.4070284E-03,-281.4070284E-03
+688.6000E-06,-562.8140569E-03,-281.4070284E-03
+689.2000E-06,-311.0288210E-03,-281.4070284E-03
+689.8000E-06,-562.8140569E-03,-281.4070284E-03
+690.4000E-06,-488.7595756E-03,-281.4070284E-03
+691.0000E-06,-562.8140569E-03,-325.8397170E-03
+691.6000E-06,-562.8140569E-03,-562.8140569E-03
+692.2000E-06,-562.8140569E-03,-281.4070286E-03
+692.8000E-06,-562.8140569E-03,-562.8140569E-03
+693.4000E-06,-562.8140569E-03,-562.8140569E-03
+694.0000E-06,-770.1666043E-03,-355.4615095E-03
+694.6000E-06,-562.8140569E-03,-473.9486794E-03
+695.2000E-06,-562.8140569E-03,-562.8140569E-03
+695.8000E-06,-696.1121231E-03,-429.5159907E-03
+696.4000E-06,-577.6249532E-03,-562.8140569E-03
+697.0000E-06,-562.8140569E-03,-562.8140569E-03
+697.6000E-06,-622.0576419E-03,-562.8140569E-03
+698.2000E-06,-562.8140569E-03,-562.8140569E-03
+698.8000E-06,-562.8140569E-03,-459.1377831E-03
+699.4000E-06,-577.6249530E-03,-296.2179245E-03
+700.0000E-06,-562.8140569E-03,-562.8140569E-03
+700.6000E-06,-562.8140569E-03,-311.0288210E-03
+701.2000E-06,-562.8140569E-03,-562.8140569E-03
+701.8000E-06,-844.2210853E-03,-562.8140569E-03
+702.4000E-06,-607.2467455E-03,-325.8397170E-03
+703.0000E-06,-681.3012269E-03,-399.8941984E-03
+703.6000E-06,-562.8140569E-03,-281.4070286E-03
+704.2000E-06,-562.8140569E-03,-399.8941982E-03
+704.8000E-06,-562.8140569E-03,-562.8140569E-03
+705.4000E-06,-562.8140569E-03,-281.4070284E-03
+706.0000E-06,-459.1377835E-03,-281.4070284E-03
+706.6000E-06,-562.8140569E-03,-311.0288208E-03
+707.2000E-06,-577.6249529E-03,-562.8140569E-03
+707.8000E-06,-562.8140569E-03,-281.4070284E-03
+708.4000E-06,-666.4903304E-03,-281.4070284E-03
+709.0000E-06,-503.5704718E-03,-340.6506135E-03
+709.6000E-06,-562.8140569E-03,-503.5704721E-03
+710.2000E-06,-385.0833022E-03,-281.4070284E-03
+710.8000E-06,-562.8140569E-03,-281.4070284E-03
+711.4000E-06,-429.5159909E-03,-281.4070284E-03
+712.0000E-06,-533.1922643E-03,-281.4070284E-03
+712.6000E-06,-562.8140569E-03,-88.8653773E-03
+713.2000E-06,-414.7050943E-03,-74.0544813E-03
+713.8000E-06,-325.8397170E-03,-281.4070284E-03
+714.4000E-06,-281.4070284E-03,-281.4070284E-03
+715.0000E-06,-281.4070284E-03,-281.4070283E-03
+715.6000E-06,-281.4070284E-03,-281.4070284E-03
+716.2000E-06,-281.4070284E-03,+0.0E+00
+716.8000E-06,-281.4070284E-03,-281.4070284E-03
+717.4000E-06,-281.4070284E-03,+0.0E+00
+718.0000E-06,-251.7852361E-03,-29.6217923E-03
+718.6000E-06,-281.4070284E-03,+0.0E+00
+719.2000E-06,-281.4070284E-03,-266.5961321E-03
+719.8000E-06,-281.4070284E-03,+0.0E+00
+720.4000E-06,-281.4070284E-03,-222.1634434E-03
+721.0000E-06,-281.4070284E-03,+0.0E+00
+721.6000E-06,-103.6762738E-03,+0.0E+00
+722.2000E-06,-266.5961323E-03,+0.0E+00
+722.8000E-06,-133.2980660E-03,+133.2980660E-03
+723.4000E-06,+0.0E+00,+0.0E+00
+724.0000E-06,+0.0E+00,+0.0E+00
+724.6000E-06,-281.4070284E-03,+281.4070284E-03
+725.2000E-06,+0.0E+00,+0.0E+00
+725.8000E-06,+0.0E+00,+118.4871700E-03
+726.4000E-06,+0.0E+00,+0.0E+00
+727.0000E-06,-162.9198587E-03,+0.0E+00
+727.6000E-06,+0.0E+00,+0.0E+00
+728.2000E-06,+0.0E+00,+0.0E+00
+728.8000E-06,+0.0E+00,+192.5416509E-03
+729.4000E-06,+0.0E+00,+0.0E+00
+730.0000E-06,+0.0E+00,+281.4070284E-03
+730.6000E-06,+0.0E+00,+266.5961321E-03
+731.2000E-06,+0.0E+00,+103.6762735E-03
+731.8000E-06,+0.0E+00,+59.2435851E-03
+732.4000E-06,+0.0E+00,+281.4070284E-03
+733.0000E-06,+74.0544809E-03,+281.4070284E-03
+733.6000E-06,+0.0E+00,+266.5961323E-03
+734.2000E-06,+0.0E+00,+148.1089625E-03
+734.8000E-06,-29.6217926E-03,+0.0E+00
+735.4000E-06,+0.0E+00,+88.8653773E-03
+736.0000E-06,-133.2980658E-03,+74.0544813E-03
+736.6000E-06,+0.0E+00,+44.4326886E-03
+737.2000E-06,-118.4871700E-03,+118.4871700E-03
+737.8000E-06,-281.4070283E-03,+0.0E+00
+738.4000E-06,-118.4871697E-03,+118.4871697E-03
+739.0000E-06,+0.0E+00,+0.0E+00
+739.6000E-06,-281.4070284E-03,+207.3525474E-03
+740.2000E-06,-88.8653775E-03,+0.0E+00
+740.8000E-06,-251.7852361E-03,+0.0E+00
+741.4000E-06,-148.1089622E-03,+133.2980662E-03
+742.0000E-06,-281.4070284E-03,-14.8108964E-03
+742.6000E-06,-281.4070284E-03,-177.7307549E-03
+743.2000E-06,-281.4070284E-03,-59.2435851E-03
+743.8000E-06,-59.2435848E-03,-222.1634436E-03
+744.4000E-06,-281.4070284E-03,+0.0E+00
+745.0000E-06,-281.4070284E-03,+0.0E+00
+745.6000E-06,-133.2980660E-03,-133.2980660E-03
+746.2000E-06,-281.4070284E-03,-281.4070284E-03
+746.8000E-06,-88.8653773E-03,+0.0E+00
+747.4000E-06,-281.4070284E-03,-207.3525471E-03
+748.0000E-06,-281.4070284E-03,-236.9743399E-03
+748.6000E-06,-399.8941984E-03,-399.8941984E-03
+749.2000E-06,-281.4070284E-03,-281.4070284E-03
+749.8000E-06,-444.3268871E-03,-281.4070284E-03
+750.4000E-06,-325.8397173E-03,-44.4326888E-03
+751.0000E-06,-488.7595758E-03,-355.4615095E-03
+751.6000E-06,-473.9486793E-03,-281.4070284E-03
+752.2000E-06,-281.4070284E-03,-533.1922645E-03
+752.8000E-06,-429.5159906E-03,-281.4070284E-03
+753.4000E-06,-548.0031605E-03,-281.4070284E-03
+754.0000E-06,-562.8140569E-03,-281.4070284E-03
+754.6000E-06,-562.8140569E-03,-281.4070284E-03
+755.2000E-06,-562.8140569E-03,-503.5704721E-03
+755.8000E-06,-459.1377831E-03,-177.7307547E-03
+756.4000E-06,-562.8140569E-03,-266.5961323E-03
+757.0000E-06,-429.5159909E-03,-414.7050944E-03
+757.6000E-06,-562.8140569E-03,-281.4070284E-03
+758.2000E-06,-562.8140569E-03,-281.4070284E-03
+758.8000E-06,-488.7595756E-03,-281.4070284E-03
+759.4000E-06,-562.8140569E-03,-281.4070284E-03
+760.0000E-06,-562.8140569E-03,-444.3268869E-03
+760.6000E-06,-562.8140567E-03,-562.8140569E-03
+761.2000E-06,-562.8140569E-03,-281.4070284E-03
+761.8000E-06,-562.8140569E-03,-325.8397173E-03
+762.4000E-06,-562.8140569E-03,-281.4070284E-03
+763.0000E-06,-562.8140569E-03,-281.4070284E-03
+763.6000E-06,-562.8140569E-03,-311.0288208E-03
+764.2000E-06,-562.8140569E-03,-414.7050947E-03
+764.8000E-06,-829.4101889E-03,-281.4070284E-03
+765.4000E-06,-562.8140569E-03,-459.1377834E-03
+766.0000E-06,-562.8140569E-03,-503.5704718E-03
+766.6000E-06,-562.8140569E-03,-281.4070284E-03
+767.2000E-06,-459.1377831E-03,-385.0833022E-03
+767.8000E-06,-562.8140569E-03,-281.4070284E-03
+768.4000E-06,-562.8140569E-03,-281.4070284E-03
+769.0000E-06,-311.0288211E-03,-562.8140569E-03
+769.6000E-06,-370.2724057E-03,-281.4070284E-03
+770.2000E-06,-355.4615098E-03,-281.4070284E-03
+770.8000E-06,-325.8397170E-03,-236.9743399E-03
+771.4000E-06,-281.4070284E-03,+0.0E+00
+772.0000E-06,-562.8140569E-03,-281.4070284E-03
+772.6000E-06,-399.8941982E-03,-281.4070284E-03
+773.2000E-06,-518.3813680E-03,-325.8397173E-03
+773.8000E-06,-281.4070284E-03,-281.4070284E-03
+774.4000E-06,-281.4070284E-03,-192.5416509E-03
+775.0000E-06,-281.4070284E-03,-281.4070284E-03
+775.6000E-06,-281.4070284E-03,-281.4070284E-03
+776.2000E-06,-533.1922641E-03,-281.4070284E-03
+776.8000E-06,-281.4070284E-03,-177.7307550E-03
+777.4000E-06,-281.4070284E-03,-59.2435851E-03
+778.0000E-06,-281.4070284E-03,-59.2435848E-03
+778.6000E-06,-281.4070284E-03,+0.0E+00
+779.2000E-06,-281.4070284E-03,-281.4070284E-03
+779.8000E-06,-281.4070284E-03,+0.0E+00
+780.4000E-06,-281.4070284E-03,-251.7852358E-03
+781.0000E-06,-192.5416512E-03,+0.0E+00
+781.6000E-06,-281.4070284E-03,+74.0544813E-03
+782.2000E-06,-281.4070284E-03,-236.9743399E-03
+782.8000E-06,+0.0E+00,+0.0E+00
+783.4000E-06,-281.4070284E-03,-200E-12
+784.0000E-06,-444.3268872E-03,+0.0E+00
+784.6000E-06,+0.0E+00,+44.4326889E-03
+785.2000E-06,-74.0544810E-03,+207.3525474E-03
+785.8000E-06,-281.4070284E-03,+0.0E+00
+786.4000E-06,+0.0E+00,+0.0E+00
+787.0000E-06,+0.0E+00,+0.0E+00
+787.6000E-06,+0.0E+00,+0.0E+00
+788.2000E-06,-177.7307550E-03,-103.6762735E-03
+788.8000E-06,+0.0E+00,+0.0E+00
+789.4000E-06,-59.2435848E-03,+0.0E+00
+790.0000E-06,+0.0E+00,+0.0E+00
+790.6000E-06,+0.0E+00,+0.0E+00
+791.2000E-06,-133.2980659E-03,+0.0E+00
+791.8000E-06,+0.0E+00,+0.0E+00
+792.4000E-06,-281.4070284E-03,+0.0E+00
+793.0000E-06,-74.0544813E-03,+0.0E+00
+793.6000E-06,+0.0E+00,+0.0E+00
+794.2000E-06,-162.9198584E-03,+118.4871700E-03
+794.8000E-06,+0.0E+00,+0.0E+00
+795.4000E-06,-162.9198587E-03,-44.4326890E-03
+796.0000E-06,-44.4326889E-03,+236.9743396E-03
+796.6000E-06,-281.4070284E-03,+207.3525474E-03
+797.2000E-06,-281.4070284E-03,+0.0E+00
+797.8000E-06,-281.4070284E-03,+0.0E+00
+798.4000E-06,+0.0E+00,+0.0E+00
+799.0000E-06,-266.5961320E-03,+0.0E+00
+799.6000E-06,+0.0E+00,-103.6762735E-03
+800.2000E-06,-281.4070284E-03,+0.0E+00
+800.8000E-06,-59.2435848E-03,-222.1634437E-03
+801.4000E-06,-281.4070284E-03,+0.0E+00
+802.0000E-06,-14.8108961E-03,-14.8108961E-03
+802.6000E-06,-281.4070284E-03,+0.0E+00
+803.2000E-06,-251.7852358E-03,-222.1634432E-03
+803.8000E-06,-177.7307545E-03,+0.0E+00
+804.4000E-06,-355.4615098E-03,+0.0E+00
+805.0000E-06,-281.4070284E-03,+0.0E+00
+805.6000E-06,-281.4070284E-03,-118.4871700E-03
+806.2000E-06,-281.4070284E-03,-281.4070284E-03
+806.8000E-06,-281.4070284E-03,-281.4070284E-03
+807.4000E-06,-44.4326889E-03,-236.9743396E-03
+808.0000E-06,-281.4070284E-03,-74.0544810E-03
+808.6000E-06,-281.4070284E-03,-192.5416509E-03
+809.2000E-06,-281.4070284E-03,-281.4070284E-03
+809.8000E-06,-281.4070284E-03,+0.0E+00
+810.4000E-06,-548.0031605E-03,-14.8108964E-03
+811.0000E-06,-281.4070284E-03,-281.4070284E-03
+811.6000E-06,-222.1634433E-03,-281.4070284E-03
+812.2000E-06,-725.7339158E-03,-281.4070284E-03
+812.8000E-06,-562.8140569E-03,-281.4070284E-03
+813.4000E-06,-548.0031608E-03,-14.8108961E-03
+814.0000E-06,-562.8140569E-03,-281.4070284E-03
+814.6000E-06,-251.7852358E-03,-281.4070284E-03
+815.2000E-06,-562.8140569E-03,-281.4070284E-03
+815.8000E-06,-488.7595755E-03,-281.4070284E-03
+816.4000E-06,-325.8397170E-03,-281.4070284E-03
+817.0000E-06,-281.4070284E-03,-399.8941985E-03
+817.6000E-06,-281.4070286E-03,-562.8140567E-03
+818.2000E-06,-399.8941981E-03,-399.8941981E-03
+818.8000E-06,-562.8140569E-03,-325.8397173E-03
+819.4000E-06,-281.4070284E-03,-281.4070284E-03
+820.0000E-06,-281.4070284E-03,-281.4070284E-03
+820.6000E-06,-281.4070284E-03,-281.4070284E-03
+821.2000E-06,-429.5159906E-03,-429.5159906E-03
+821.8000E-06,-296.2179248E-03,-296.2179248E-03
+822.4000E-06,-562.8140569E-03,-281.4070284E-03
+823.0000E-06,-562.8140569E-03,-281.4070284E-03
+823.6000E-06,-562.8140569E-03,-503.5704721E-03
+824.2000E-06,-562.8140569E-03,-281.4070284E-03
+824.8000E-06,-296.2179245E-03,-548.0031608E-03
+825.4000E-06,-562.8140569E-03,-281.4070284E-03
+826.0000E-06,-562.8140569E-03,-281.4070284E-03
+826.6000E-06,-562.8140569E-03,-281.4070284E-03
+827.2000E-06,-355.4615098E-03,-414.7050942E-03
+827.8000E-06,-562.8140569E-03,-281.4070284E-03
+828.4000E-06,-444.3268868E-03,-281.4070284E-03
+829.0000E-06,-281.4070286E-03,-281.4070283E-03
+829.6000E-06,-562.8140569E-03,-281.4070284E-03
+830.2000E-06,-562.8140569E-03,-281.4070284E-03
+830.8000E-06,-488.7595759E-03,-355.4615094E-03
+831.4000E-06,-473.9486793E-03,-192.5416509E-03
+832.0000E-06,-311.0288207E-03,-281.4070284E-03
+832.6000E-06,-281.4070284E-03,-281.4070284E-03
+833.2000E-06,-548.0031605E-03,-14.8108964E-03
+833.8000E-06,-281.4070284E-03,-281.4070284E-03
+834.4000E-06,-503.5704718E-03,-281.4070284E-03
+835.0000E-06,-281.4070284E-03,-59.2435848E-03
+835.6000E-06,-385.0833022E-03,-281.4070284E-03
+836.2000E-06,-548.0031608E-03,-281.4070284E-03
+836.8000E-06,-281.4070284E-03,-281.4070284E-03
+837.4000E-06,-281.4070284E-03,+0.0E+00
+838.0000E-06,-281.4070284E-03,-281.4070284E-03
+838.6000E-06,-355.4615098E-03,-281.4070284E-03
+839.2000E-06,-281.4070284E-03,-44.4326885E-03
+839.8000E-06,-281.4070284E-03,-281.4070284E-03
+840.4000E-06,-281.4070284E-03,+0.0E+00
+841.0000E-06,-281.4070284E-03,-281.4070284E-03
+841.6000E-06,-281.4070284E-03,-44.4326889E-03
+842.2000E-06,-74.0544810E-03,+0.0E+00
+842.8000E-06,-192.5416509E-03,+0.0E+00
+843.4000E-06,-281.4070284E-03,-251.7852361E-03
+844.0000E-06,-429.5159906E-03,-281.4070284E-03
+844.6000E-06,-281.4070284E-03,+0.0E+00
+845.2000E-06,-103.6762735E-03,+0.0E+00
+845.8000E-06,-281.4070284E-03,+0.0E+00
+846.4000E-06,-340.6506132E-03,+0.0E+00
+847.0000E-06,-281.4070284E-03,+0.0E+00
+847.6000E-06,-281.4070284E-03,+0.0E+00
+848.2000E-06,-148.1089625E-03,-281.4070284E-03
+848.8000E-06,-251.7852358E-03,+0.0E+00
+849.4000E-06,-88.8653772E-03,+0.0E+00
+850.0000E-06,-281.4070284E-03,+0.0E+00
+850.6000E-06,-236.9743399E-03,+44.4326885E-03
+851.2000E-06,-281.4070284E-03,-162.9198584E-03
+851.8000E-06,-200E-12,+0.0E+00
+852.4000E-06,-118.4871697E-03,+0.0E+00
+853.0000E-06,-281.4070284E-03,+0.0E+00
+853.6000E-06,-74.0544810E-03,+0.0E+00
+854.2000E-06,-177.7307552E-03,+0.0E+00
+854.8000E-06,-29.6217923E-03,+0.0E+00
+855.4000E-06,-281.4070284E-03,+0.0E+00
+856.0000E-06,-281.4070284E-03,+0.0E+00
+856.6000E-06,-177.7307550E-03,+0.0E+00
+857.2000E-06,-222.1634433E-03,+0.0E+00
+857.8000E-06,+0.0E+00,-222.1634437E-03
+858.4000E-06,-177.7307546E-03,-177.7307546E-03
+859.0000E-06,-14.8108961E-03,+0.0E+00
+859.6000E-06,+0.0E+00,+0.0E+00
+860.2000E-06,-251.7852358E-03,+0.0E+00
+860.8000E-06,-281.4070284E-03,-88.8653772E-03
+861.4000E-06,-281.4070284E-03,+0.0E+00
+862.0000E-06,-281.4070284E-03,-236.9743399E-03
+862.6000E-06,+0.0E+00,-281.4070284E-03
+863.2000E-06,-281.4070284E-03,-281.4070283E-03
+863.8000E-06,-162.9198588E-03,-162.9198588E-03
+864.4000E-06,-281.4070284E-03,+0.0E+00
+865.0000E-06,-281.4070284E-03,+0.0E+00
+865.6000E-06,+0.0E+00,-88.8653776E-03
+866.2000E-06,-251.7852362E-03,-251.7852362E-03
+866.8000E-06,+0.0E+00,+0.0E+00
+867.4000E-06,-281.4070284E-03,+0.0E+00
+868.0000E-06,-281.4070284E-03,-281.4070284E-03
+868.6000E-06,-281.4070284E-03,-222.1634433E-03
+869.2000E-06,-281.4070284E-03,+222.1634437E-03
+869.8000E-06,-281.4070284E-03,-103.6762738E-03
+870.4000E-06,-533.1922648E-03,-281.4070284E-03
+871.0000E-06,-281.4070284E-03,-148.1089625E-03
+871.6000E-06,-281.4070284E-03,-281.4070284E-03
+872.2000E-06,-281.4070284E-03,-88.8653772E-03
+872.8000E-06,-281.4070284E-03,-74.0544814E-03
+873.4000E-06,-518.3813684E-03,+0.0E+00
+874.0000E-06,-281.4070284E-03,-118.4871701E-03
+874.6000E-06,-281.4070284E-03,-281.4070283E-03
+875.2000E-06,-118.4871697E-03,+0.0E+00
+875.8000E-06,-281.4070284E-03,-281.4070284E-03
+876.4000E-06,-562.8140569E-03,-281.4070284E-03
+877.0000E-06,-88.8653776E-03,-281.4070284E-03
+877.6000E-06,-281.4070284E-03,-251.7852362E-03
+878.2000E-06,-429.5159906E-03,-133.2980663E-03
+878.8000E-06,-281.4070284E-03,-281.4070284E-03
+879.4000E-06,-281.4070284E-03,-459.1377834E-03
+880.0000E-06,-562.8140569E-03,-59.2435851E-03
+880.6000E-06,-340.6506132E-03,-281.4070284E-03
+881.2000E-06,-385.0833023E-03,-281.4070284E-03
+881.8000E-06,-548.0031608E-03,-296.2179245E-03
+882.4000E-06,-281.4070284E-03,-281.4070284E-03
+883.0000E-06,-281.4070284E-03,-281.4070284E-03
+883.6000E-06,-473.9486797E-03,-370.2724056E-03
+884.2000E-06,-488.7595755E-03,-281.4070284E-03
+884.8000E-06,-518.3813684E-03,-281.4070284E-03
+885.4000E-06,-444.3268868E-03,-399.8941985E-03
+886.0000E-06,-281.4070286E-03,-281.4070284E-03
+886.6000E-06,-399.8941981E-03,-281.4070284E-03
+887.2000E-06,-562.8140569E-03,-281.4070284E-03
+887.8000E-06,-562.8140569E-03,-281.4070284E-03
+888.4000E-06,-562.8140569E-03,-281.4070284E-03
+889.0000E-06,-562.8140569E-03,-281.4070284E-03
+889.6000E-06,-429.5159906E-03,-281.4070284E-03
+890.2000E-06,-281.4070284E-03,-281.4070284E-03
+890.8000E-06,-281.4070284E-03,-177.7307550E-03
+891.4000E-06,-503.5704717E-03,-503.5704717E-03
+892.0000E-06,-281.4070284E-03,+0.0E+00
+892.6000E-06,-459.1377830E-03,-207.3525477E-03
+893.2000E-06,-281.4070284E-03,-266.5961324E-03
+893.8000E-06,-429.5159910E-03,-133.2980659E-03
+894.4000E-06,-533.1922642E-03,-281.4070284E-03
+895.0000E-06,-281.4070284E-03,+0.0E+00
+895.6000E-06,-281.4070284E-03,-74.0544814E-03
+896.2000E-06,-518.3813684E-03,+0.0E+00
+896.8000E-06,-281.4070284E-03,-118.4871701E-03
+897.4000E-06,-281.4070286E-03,-281.4070284E-03
+898.0000E-06,-281.4070284E-03,-118.4871697E-03
+898.6000E-06,-281.4070284E-03,+0.0E+00
+899.2000E-06,-281.4070284E-03,-281.4070284E-03
+899.8000E-06,-192.5416508E-03,-88.8653776E-03
+900.4000E-06,-311.0288207E-03,-251.7852362E-03
+901.0000E-06,-429.5159906E-03,-148.1089621E-03
+901.6000E-06,-281.4070284E-03,-281.4070284E-03
+902.2000E-06,-281.4070284E-03,-177.7307550E-03
+902.8000E-06,-281.4070284E-03,-281.4070284E-03
+903.4000E-06,-281.4070284E-03,+0.0E+00
+904.0000E-06,-281.4070284E-03,-177.7307546E-03
+904.6000E-06,-14.8108960E-03,-14.8108960E-03
+905.2000E-06,-281.4070284E-03,-133.2980659E-03
+905.8000E-06,+0.0E+00,-281.4070284E-03
+906.4000E-06,-281.4070284E-03,+0.0E+00
+907.0000E-06,-281.4070284E-03,+0.0E+00
+907.6000E-06,-281.4070284E-03,+0.0E+00
+908.2000E-06,-162.9198584E-03,+0.0E+00
+908.8000E-06,-281.4070284E-03,+0.0E+00
+909.4000E-06,+0.0E+00,-162.9198588E-03
+910.0000E-06,-281.4070284E-03,+0.0E+00
+910.6000E-06,-281.4070284E-03,+0.0E+00
+911.2000E-06,-88.8653776E-03,-88.8653776E-03
+911.8000E-06,-281.4070284E-03,+0.0E+00
+912.4000E-06,-414.7050947E-03,+0.0E+00
+913.0000E-06,-281.4070284E-03,+0.0E+00
+913.6000E-06,-281.4070284E-03,+0.0E+00
+914.2000E-06,-281.4070284E-03,+0.0E+00
+914.8000E-06,+0.0E+00,+0.0E+00
+915.4000E-06,-281.4070284E-03,-103.6762738E-03
+916.0000E-06,-281.4070284E-03,-14.8108960E-03
+916.6000E-06,-281.4070284E-03,-148.1089625E-03
+917.2000E-06,-281.4070284E-03,-281.4070284E-03
+917.8000E-06,-281.4070284E-03,+0.0E+00
+918.4000E-06,-281.4070284E-03,-74.0544814E-03
+919.0000E-06,-236.9743399E-03,+0.0E+00
+919.6000E-06,-281.4070284E-03,+0.0E+00
+920.2000E-06,-281.4070284E-03,+0.0E+00
+920.8000E-06,+0.0E+00,+0.0E+00
+921.4000E-06,-281.4070284E-03,-236.9743395E-03
+922.0000E-06,-281.4070284E-03,+0.0E+00
+922.6000E-06,-88.8653776E-03,-88.8653776E-03
+923.2000E-06,-281.4070284E-03,+0.0E+00
+923.8000E-06,-133.2980663E-03,+0.0E+00
+924.4000E-06,-266.5961320E-03,-266.5961320E-03
+925.0000E-06,-281.4070284E-03,-103.6762734E-03
+925.6000E-06,-281.4070284E-03,-281.4070284E-03
+926.2000E-06,-222.1634437E-03,+0.0E+00
+926.8000E-06,-281.4070284E-03,+0.0E+00
+927.4000E-06,-266.5961324E-03,+0.0E+00
+928.0000E-06,-281.4070284E-03,+0.0E+00
+928.6000E-06,-281.4070284E-03,+0.0E+00
+929.2000E-06,-192.5416512E-03,-281.4070284E-03
+929.8000E-06,-281.4070284E-03,+0.0E+00
+930.4000E-06,-281.4070284E-03,-281.4070284E-03
+931.0000E-06,-281.4070284E-03,+0.0E+00
+931.6000E-06,-281.4070284E-03,+0.0E+00
+932.2000E-06,-162.9198588E-03,-44.4326891E-03
+932.8000E-06,-281.4070284E-03,-281.4070284E-03
+933.4000E-06,-74.0544810E-03,+0.0E+00
+934.0000E-06,-370.2724060E-03,-192.5416508E-03
+934.6000E-06,-281.4070284E-03,-29.6217923E-03
+935.2000E-06,-281.4070284E-03,+0.0E+00
+935.8000E-06,-548.0031604E-03,+0.0E+00
+936.4000E-06,-281.4070284E-03,-177.7307550E-03
+937.0000E-06,-281.4070284E-03,+0.0E+00
+937.6000E-06,-281.4070284E-03,-59.2435847E-03
+938.2000E-06,-281.4070284E-03,+0.0E+00
+938.8000E-06,-281.4070284E-03,-266.5961324E-03
+939.4000E-06,-281.4070284E-03,-133.2980659E-03
+940.0000E-06,-281.4070284E-03,+0.0E+00
+940.6000E-06,-370.2724056E-03,-281.4070284E-03
+941.2000E-06,-281.4070284E-03,-74.0544814E-03
+941.8000E-06,-518.3813684E-03,-325.8397169E-03
+942.4000E-06,-444.3268868E-03,-118.4871701E-03
+943.0000E-06,-562.8140569E-03,-281.4070284E-03
+943.6000E-06,-281.4070284E-03,-281.4070284E-03
+944.2000E-06,-281.4070284E-03,-88.8653778E-03
+944.8000E-06,-488.7595759E-03,-74.0544810E-03
+945.4000E-06,-473.9486793E-03,-192.5416508E-03
+946.0000E-06,-281.4070284E-03,-29.6217923E-03
+946.6000E-06,-414.7050947E-03,-414.7050947E-03
+947.2000E-06,-548.0031604E-03,-296.2179249E-03
+947.8000E-06,-459.1377835E-03,-281.4070284E-03
+948.4000E-06,-281.4070284E-03,-222.1634433E-03
+949.0000E-06,-281.4070284E-03,-281.4070284E-03
+949.6000E-06,-281.4070284E-03,-355.4615092E-03
+950.2000E-06,-281.4070284E-03,+0.0E+00
+950.8000E-06,-429.5159910E-03,-281.4070284E-03
+951.4000E-06,-311.0288211E-03,-29.6217927E-03
+952.0000E-06,-281.4070284E-03,-192.5416512E-03
+952.6000E-06,-562.8140569E-03,-281.4070284E-03
+953.2000E-06,-281.4070284E-03,+0.0E+00
+953.8000E-06,-281.4070284E-03,-118.4871701E-03
+954.4000E-06,-281.4070284E-03,-200E-12
+955.0000E-06,-281.4070284E-03,-281.4070284E-03
+955.6000E-06,-281.4070284E-03,-281.4070284E-03
+956.2000E-06,-355.4615094E-03,-281.4070284E-03
+956.8000E-06,-88.8653776E-03,-281.4070284E-03
+957.4000E-06,-533.1922646E-03,-29.6217923E-03
+958.0000E-06,-281.4070284E-03,-281.4070284E-03
+958.6000E-06,-281.4070284E-03,-281.4070284E-03
+959.2000E-06,-459.1377835E-03,-281.4070284E-03
+959.8000E-06,-281.4070284E-03,-59.2435852E-03
+960.4000E-06,-444.3268874E-03,-59.2435847E-03
+961.0000E-06,-385.0833023E-03,-103.6762739E-03
+961.6000E-06,-281.4070284E-03,-281.4070284E-03
+962.2000E-06,-429.5159910E-03,-133.2980659E-03
+962.8000E-06,-281.4070284E-03,-251.7852358E-03
+963.4000E-06,-192.5416513E-03,-88.8653772E-03
+964.0000E-06,-281.4070284E-03,+0.0E+00
+964.6000E-06,-88.8653770E-03,-236.9743400E-03
+965.2000E-06,-281.4070284E-03,-44.4326883E-03
+965.8000E-06,-281.4070284E-03,-200E-12
+966.4000E-06,-281.4070284E-03,-118.4871696E-03
+967.0000E-06,-281.4070284E-03,+0.0E+00
+967.6000E-06,-281.4070284E-03,-74.0544809E-03
+968.2000E-06,-88.8653776E-03,-88.8653776E-03
+968.8000E-06,-281.4070284E-03,-251.7852362E-03
+969.4000E-06,-562.8140569E-03,-281.4070284E-03
+970.0000E-06,-281.4070284E-03,-14.8108965E-03
+970.6000E-06,-177.7307550E-03,-103.6762734E-03
+971.2000E-06,-281.4070284E-03,+0.0E+00
+971.8000E-06,-281.4070284E-03,-59.2435847E-03
+972.4000E-06,-103.6762739E-03,+0.0E+00
+973.0000E-06,-266.5961324E-03,+0.0E+00
+973.6000E-06,-148.1089626E-03,+0.0E+00
+974.2000E-06,-281.4070284E-03,-281.4070284E-03
+974.8000E-06,-281.4070284E-03,+192.5416513E-03
+975.4000E-06,-281.4070284E-03,+0.0E+00
+976.0000E-06,-281.4070284E-03,+0.0E+00
+976.6000E-06,-281.4070284E-03,+0.0E+00
+977.2000E-06,-200E-12,+0.0E+00
+977.8000E-06,-281.4070284E-03,+0.0E+00
+978.4000E-06,-281.4070284E-03,+0.0E+00
+979.0000E-06,-281.4070284E-03,-281.4070284E-03
+979.6000E-06,-281.4070284E-03,+0.0E+00
+980.2000E-06,-281.4070284E-03,+0.0E+00
+980.8000E-06,-281.4070284E-03,+0.0E+00
+981.4000E-06,-296.2179249E-03,-14.8108964E-03
+982.0000E-06,-281.4070284E-03,+0.0E+00
+982.6000E-06,-59.2435851E-03,+0.0E+00
+983.2000E-06,-222.1634437E-03,+0.0E+00
+983.8000E-06,-281.4070284E-03,+0.0E+00
+984.4000E-06,-281.4070284E-03,-14.8108960E-03
+985.0000E-06,-281.4070284E-03,+0.0E+00
+985.6000E-06,-281.4070284E-03,-29.6217927E-03
+986.2000E-06,-281.4070284E-03,+0.0E+00
+986.8000E-06,-281.4070284E-03,-207.3525471E-03
+987.4000E-06,-518.3813684E-03,-44.4326885E-03
+988.0000E-06,-281.4070284E-03,-118.4871701E-03
+988.6000E-06,-200E-12,-281.4070284E-03
+989.2000E-06,-281.4070284E-03,-162.9198588E-03
+989.8000E-06,-281.4070284E-03,-44.4326889E-03
+990.4000E-06,-207.3525475E-03,-74.0544810E-03
+991.0000E-06,-281.4070284E-03,+0.0E+00
+991.6000E-06,-281.4070284E-03,-281.4070284E-03
+992.2000E-06,-281.4070284E-03,-148.1089621E-03
+992.8000E-06,-281.4070284E-03,+0.0E+00
+993.4000E-06,-281.4070284E-03,-281.4070284E-03
+994.0000E-06,-59.2435851E-03,-222.1634433E-03
+994.6000E-06,-281.4070284E-03,-59.2435848E-03
+995.2000E-06,-385.0833022E-03,-103.6762738E-03
+995.8000E-06,-281.4070284E-03,-14.8108961E-03
+996.4000E-06,-281.4070284E-03,-148.1089625E-03
+997.0000E-06,-281.4070284E-03,-29.6217926E-03
+997.6000E-06,-562.8140569E-03,+0.0E+00
+998.2000E-06,-281.4070284E-03,-281.4070284E-03
+998.8000E-06,-281.4070284E-03,-236.9743399E-03
+999.4000E-06,-281.4070284E-03,-162.9198584E-03
+1.0000000E-03,-281.4070284E-03,+0.0E+00
+1.0006000E-03,-281.4070284E-03,+0.0E+00
+1.0012000E-03,-518.3813680E-03,-236.9743396E-03
+1.0018000E-03,-281.4070284E-03,-207.3525474E-03
+1.0024000E-03,-88.8653776E-03,-88.8653776E-03
+1.0030000E-03,-281.4070284E-03,-281.4070284E-03
+1.0036000E-03,-281.4070284E-03,-281.4070284E-03
+1.0042000E-03,-548.0031605E-03,-281.4070284E-03
+1.0048000E-03,-281.4070284E-03,-103.6762735E-03
+1.0054000E-03,-281.4070284E-03,-222.1634433E-03
+1.0060000E-03,-281.4070284E-03,-281.4070284E-03
+1.0066000E-03,-385.0833022E-03,-281.4070284E-03
+1.0072000E-03,-281.4070284E-03,-281.4070284E-03
+1.0078000E-03,-281.4070284E-03,-281.4070284E-03
+1.0084000E-03,-281.4070284E-03,-29.6217926E-03
+1.0090000E-03,-370.2724057E-03,-88.8653773E-03
+1.0096000E-03,-281.4070284E-03,-74.0544813E-03
+1.0102000E-03,-562.8140569E-03,-281.4070284E-03
+1.0108000E-03,-281.4070284E-03,-162.9198584E-03
+1.0114000E-03,-100E-12,+0.0E+00
+1.0120000E-03,-281.4070284E-03,-162.9198587E-03
+1.0126000E-03,-281.4070284E-03,-281.4070284E-03
+1.0132000E-03,-355.4615095E-03,-74.0544810E-03
+1.0138000E-03,-281.4070284E-03,-88.8653775E-03
+1.0144000E-03,-281.4070284E-03,-281.4070284E-03
+1.0150000E-03,-281.4070284E-03,-281.4070284E-03
+1.0156000E-03,-281.4070284E-03,-281.4070284E-03
+1.0162000E-03,-281.4070284E-03,-385.0833019E-03
+1.0168000E-03,-222.1634434E-03,+0.0E+00
+1.0174000E-03,-281.4070284E-03,-222.1634436E-03
+1.0180000E-03,-281.4070284E-03,-281.4070284E-03
+1.0186000E-03,-266.5961323E-03,-266.5961323E-03
+1.0192000E-03,-281.4070284E-03,-148.1089625E-03
+1.0198000E-03,-281.4070284E-03,-251.7852358E-03
+1.0204000E-03,-281.4070284E-03,-192.5416512E-03
+1.0210000E-03,-74.0544813E-03,+0.0E+00
+1.0216000E-03,-236.9743399E-03,-236.9743399E-03
+1.0222000E-03,-281.4070284E-03,-281.4070284E-03
+1.0228000E-03,-281.4070284E-03,-100E-12
+1.0234000E-03,-281.4070284E-03,-162.9198587E-03
+1.0240000E-03,-281.4070284E-03,-281.4070284E-03
+1.0246000E-03,-488.7595758E-03,+0.0E+00
+1.0252000E-03,-281.4070284E-03,-192.5416509E-03
+1.0258000E-03,-281.4070284E-03,-251.7852361E-03
+1.0264000E-03,-281.4070284E-03,+0.0E+00
+1.0270000E-03,-281.4070284E-03,-14.8108963E-03
+1.0276000E-03,-281.4070284E-03,+0.0E+00
+1.0282000E-03,-281.4070284E-03,+0.0E+00
+1.0288000E-03,-503.5704720E-03,+0.0E+00
+1.0294000E-03,-281.4070284E-03,-177.7307547E-03
+1.0300000E-03,-296.2179246E-03,+0.0E+00
+1.0306000E-03,-133.2980660E-03,+0.0E+00
+1.0312000E-03,-503.5704717E-03,-281.4070284E-03
+1.0318000E-03,-281.4070284E-03,+0.0E+00
+1.0324000E-03,-488.7595756E-03,-74.0544813E-03
+1.0330000E-03,-281.4070284E-03,-236.9743398E-03
+1.0336000E-03,-281.4070284E-03,-118.4871700E-03
+1.0342000E-03,-281.4070285E-03,-100E-12
+1.0348000E-03,-399.8941982E-03,+0.0E+00
+1.0354000E-03,-236.9743397E-03,-44.4326888E-03
+1.0360000E-03,-281.4070284E-03,-207.3525474E-03
+1.0366000E-03,-281.4070284E-03,-192.5416510E-03
+1.0372000E-03,-281.4070284E-03,-251.7852361E-03
+1.0378000E-03,-281.4070284E-03,+0.0E+00
+1.0384000E-03,+0.0E+00,+0.0E+00
+1.0390000E-03,-281.4070284E-03,+0.0E+00
+1.0396000E-03,-222.1634434E-03,+0.0E+00
+1.0402000E-03,+0.0E+00,+0.0E+00
+1.0408000E-03,-103.6762737E-03,+0.0E+00
+1.0414000E-03,-281.4070284E-03,+0.0E+00
+1.0420000E-03,-281.4070284E-03,-148.1089624E-03
+1.0426000E-03,-281.4070284E-03,+0.0E+00
+1.0432000E-03,-88.8653773E-03,+0.0E+00
+1.0438000E-03,-281.4070284E-03,-74.0544812E-03
+1.0444000E-03,-281.4070284E-03,+0.0E+00
+1.0450000E-03,-281.4070284E-03,+0.0E+00
+1.0456000E-03,-281.4070284E-03,-100E-12
+1.0462000E-03,-281.4070284E-03,+0.0E+00
+1.0468000E-03,-281.4070284E-03,-236.9743397E-03
+1.0474000E-03,-281.4070284E-03,-207.3525473E-03
